2026-05-30T03:13:24Z INF Thank you for trying Cloudflare Tunnel. Doing so, without a Cloudflare account, is a quick way to experiment and try it out. However, be aware that these account-less Tunnels have no uptime guarantee, are subject to the Cloudflare Online Services Terms of Use (https://www.cloudflare.com/website-terms/), and Cloudflare reserves the right to investigate your use of Tunnels for violations of such terms. If you intend to use Tunnels in production you should use a pre-created named tunnel by following: https://developers.cloudflare.com/cloudflare-one/connections/connect-apps
2026-05-30T03:13:24Z INF Requesting new quick Tunnel on trycloudflare.com...
2026-05-30T03:13:29Z INF +--------------------------------------------------------------------------------------------+
2026-05-30T03:13:29Z INF |  Your quick Tunnel has been created! Visit it at (it may take some time to be reachable):  |
2026-05-30T03:13:29Z INF |  https://wifi-complimentary-manchester-oral.trycloudflare.com                              |
2026-05-30T03:13:29Z INF +--------------------------------------------------------------------------------------------+
2026-05-30T03:13:29Z INF Cannot determine default configuration path. No file [config.yml config.yaml] in [~/.cloudflared ~/.cloudflare-warp ~/cloudflare-warp /etc/cloudflared /usr/local/etc/cloudflared]
2026-05-30T03:13:29Z INF Version 2026.5.2 (Checksum 151a81e06101cfe5a3da280e8e6eb87bf803fcb4175c1c14c2ad70813d708737)
2026-05-30T03:13:29Z INF GOOS: darwin, GOVersion: go1.26.3, GoArch: arm64
2026-05-30T03:13:29Z INF Settings: map[ha-connections:1 protocol:quic url:http://localhost:4322]
2026-05-30T03:13:29Z INF cloudflared will not automatically update if installed by a package manager.
2026-05-30T03:13:29Z INF Generated Connector ID: 6b7a2573-38f4-4c0c-9874-03c9682b93c1
2026-05-30T03:13:29Z INF Initial protocol quic
2026-05-30T03:13:29Z INF ICMP proxy will use 192.168.1.4 as source for IPv4
2026-05-30T03:13:29Z INF ICMP proxy will use fe80::40c:f5d1:825b:fde7 in zone en0 as source for IPv6
2026-05-30T03:13:29Z INF Created ICMP proxy listening on 192.168.1.4:0
2026-05-30T03:13:29Z INF ICMP proxy will use 192.168.1.4 as source for IPv4
2026-05-30T03:13:29Z INF ICMP proxy will use fe80::40c:f5d1:825b:fde7 in zone en0 as source for IPv6
2026-05-30T03:13:29Z INF Starting metrics server on 127.0.0.1:20241/metrics
2026-05-30T03:13:29Z INF Tunnel connection curve preferences: [X25519MLKEM768 CurveID(65074) CurveP256] connIndex=0 event=0 ip=2606:4700:a8::2
2026-05-30T03:13:30Z INF +-------------------------------------------------------------------------------------+
2026-05-30T03:13:30Z INF |                               CONNECTIVITY PRE-CHECKS                               |
2026-05-30T03:13:30Z INF +-------------------------------------------------------------------------------------+
2026-05-30T03:13:30Z INF |  COMPONENT         TARGET                     STATUS  DETAILS                       |
2026-05-30T03:13:30Z INF |  DNS Resolution    region1.v2.argotunnel.com  PASS    DNS Resolved successfully     |
2026-05-30T03:13:30Z INF |  DNS Resolution    region2.v2.argotunnel.com  PASS    DNS Resolved successfully     |
2026-05-30T03:13:30Z INF |  UDP Connectivity  region1.v2.argotunnel.com  PASS    QUIC connection successful    |
2026-05-30T03:13:30Z INF |  UDP Connectivity  region2.v2.argotunnel.com  PASS    QUIC connection successful    |
2026-05-30T03:13:30Z INF |  TCP Connectivity  region1.v2.argotunnel.com  PASS    HTTP/2 connection successful  |
2026-05-30T03:13:30Z INF |  TCP Connectivity  region2.v2.argotunnel.com  PASS    HTTP/2 connection successful  |
2026-05-30T03:13:30Z INF |  Cloudflare API    api.cloudflare.com:443     PASS    API is reachable              |
2026-05-30T03:13:30Z INF |                                                                                     |
2026-05-30T03:13:30Z INF |  SUMMARY: Environment is healthy. cloudflared will use 'quic' as primary protocol.  |
2026-05-30T03:13:30Z INF +-------------------------------------------------------------------------------------+
2026-05-30T03:13:30Z INF precheck component="DNS Resolution" details="DNS Resolved successfully" run_id=ff4ed4fa-5284-4fab-b30d-c34dd552a0cf status=pass target=region1.v2.argotunnel.com
2026-05-30T03:13:30Z INF precheck component="DNS Resolution" details="DNS Resolved successfully" run_id=ff4ed4fa-5284-4fab-b30d-c34dd552a0cf status=pass target=region2.v2.argotunnel.com
2026-05-30T03:13:30Z INF precheck component="UDP Connectivity" details="QUIC connection successful" run_id=ff4ed4fa-5284-4fab-b30d-c34dd552a0cf status=pass target=region1.v2.argotunnel.com
2026-05-30T03:13:30Z INF precheck component="UDP Connectivity" details="QUIC connection successful" run_id=ff4ed4fa-5284-4fab-b30d-c34dd552a0cf status=pass target=region2.v2.argotunnel.com
2026-05-30T03:13:30Z INF precheck component="TCP Connectivity" details="HTTP/2 connection successful" run_id=ff4ed4fa-5284-4fab-b30d-c34dd552a0cf status=pass target=region1.v2.argotunnel.com
2026-05-30T03:13:30Z INF precheck component="TCP Connectivity" details="HTTP/2 connection successful" run_id=ff4ed4fa-5284-4fab-b30d-c34dd552a0cf status=pass target=region2.v2.argotunnel.com
2026-05-30T03:13:30Z INF precheck component="Cloudflare API" details="API is reachable" run_id=ff4ed4fa-5284-4fab-b30d-c34dd552a0cf status=pass target=api.cloudflare.com:443
2026-05-30T03:13:30Z INF precheck complete hard_fail=false run_id=ff4ed4fa-5284-4fab-b30d-c34dd552a0cf suggested_protocol=quic
2026-05-30T03:13:30Z INF Registered tunnel connection connIndex=0 connection=fbae3c32-16a7-4807-a1de-ad1a0eee2abc event=0 ip=2606:4700:a8::2 location=bom08 protocol=quic
2026-05-30T03:22:41Z ERR  error="stream 57 canceled by remote with error code 0" connIndex=0 event=1 ingressRule=0 originService=http://localhost:4322
2026-05-30T03:22:41Z ERR Request failed error="stream 57 canceled by remote with error code 0" connIndex=0 dest=https://wifi-complimentary-manchester-oral.trycloudflare.com/sse event=0 ip=2606:4700:a8::2 type=http
2026-05-30T03:23:39Z ERR  error="stream 61 canceled by remote with error code 0" connIndex=0 event=1 ingressRule=0 originService=http://localhost:4322
2026-05-30T03:23:39Z ERR Request failed error="stream 61 canceled by remote with error code 0" connIndex=0 dest=https://wifi-complimentary-manchester-oral.trycloudflare.com/sse event=0 ip=2606:4700:a8::2 type=http
2026-05-30T15:40:07Z ERR failed to run the datagram handler error="timeout: no recent network activity" connIndex=0 event=0 ip=2606:4700:a8::2
2026-05-30T15:40:07Z ERR failed to accept incoming stream requests error="failed to accept QUIC stream: timeout: no recent network activity" connIndex=0 event=0 ip=2606:4700:a8::2
2026-05-30T15:40:07Z ERR failed to serve tunnel connection error="datagram manager encountered a failure while serving" connIndex=0 event=0 ip=2606:4700:a8::2
2026-05-30T15:40:07Z ERR Serve tunnel error error="datagram manager encountered a failure while serving" connIndex=0 event=0 ip=2606:4700:a8::2
2026-05-30T15:40:07Z INF Retrying connection in up to 1s connIndex=0 event=0 ip=2606:4700:a8::2
2026-05-30T15:40:08Z INF Tunnel connection curve preferences: [X25519MLKEM768 CurveID(65074) CurveP256] connIndex=0 event=0 ip=2606:4700:a8::2
2026-05-30T15:40:09Z INF Registered tunnel connection connIndex=0 connection=949403d3-17ec-491e-9450-f254a3a79b6e event=0 ip=2606:4700:a8::2 location=bom08 protocol=quic
2026-05-30T15:41:22Z ERR failed to run the datagram handler error="timeout: no recent network activity" connIndex=0 event=0 ip=2606:4700:a8::2
2026-05-30T15:41:22Z ERR failed to accept incoming stream requests error="failed to accept QUIC stream: timeout: no recent network activity" connIndex=0 event=0 ip=2606:4700:a8::2
2026-05-30T15:41:22Z ERR failed to serve tunnel connection error="datagram manager encountered a failure while serving" connIndex=0 event=0 ip=2606:4700:a8::2
2026-05-30T15:41:22Z ERR Serve tunnel error error="datagram manager encountered a failure while serving" connIndex=0 event=0 ip=2606:4700:a8::2
2026-05-30T15:41:22Z INF Retrying connection in up to 1s connIndex=0 event=0 ip=2606:4700:a8::2
2026-05-30T15:41:22Z INF Tunnel connection curve preferences: [X25519MLKEM768 CurveID(65074) CurveP256] connIndex=0 event=0 ip=2606:4700:a8::2
2026-05-30T15:41:23Z INF Registered tunnel connection connIndex=0 connection=f354f668-8973-4dab-9396-73338ff27f74 event=0 ip=2606:4700:a8::2 location=bom08 protocol=quic
2026-05-30T15:57:22Z ERR failed to accept incoming stream requests error="failed to accept QUIC stream: timeout: no recent network activity" connIndex=0 event=0 ip=2606:4700:a8::2
2026-05-30T15:57:22Z ERR failed to run the datagram handler error="timeout: no recent network activity" connIndex=0 event=0 ip=2606:4700:a8::2
2026-05-30T15:57:22Z ERR failed to serve tunnel connection error="accept stream listener encountered a failure while serving" connIndex=0 event=0 ip=2606:4700:a8::2
2026-05-30T15:57:22Z ERR Serve tunnel error error="accept stream listener encountered a failure while serving" connIndex=0 event=0 ip=2606:4700:a8::2
2026-05-30T15:57:22Z INF Retrying connection in up to 1s connIndex=0 event=0 ip=2606:4700:a8::2
2026-05-30T15:57:23Z INF Tunnel connection curve preferences: [X25519MLKEM768 CurveID(65074) CurveP256] connIndex=0 event=0 ip=2606:4700:a8::2
2026-05-30T15:57:23Z ERR failed to run the datagram handler error="context canceled" connIndex=0 event=0 ip=2606:4700:a8::2
2026-05-30T15:57:23Z ERR failed to serve tunnel connection error="control stream encountered a failure while serving" connIndex=0 event=0 ip=2606:4700:a8::2
2026-05-30T15:57:23Z ERR Serve tunnel error error="control stream encountered a failure while serving" connIndex=0 event=0 ip=2606:4700:a8::2
2026-05-30T15:57:23Z INF Retrying connection in up to 4s connIndex=0 event=0 ip=2606:4700:a8::2
2026-05-30T15:57:24Z INF Tunnel connection curve preferences: [X25519MLKEM768 CurveID(65074) CurveP256] connIndex=0 event=0 ip=2606:4700:a8::2
2026-05-30T15:57:24Z ERR failed to run the datagram handler error="context canceled" connIndex=0 event=0 ip=2606:4700:a8::2
2026-05-30T15:57:24Z ERR failed to serve tunnel connection error="control stream encountered a failure while serving" connIndex=0 event=0 ip=2606:4700:a8::2
2026-05-30T15:57:24Z ERR Serve tunnel error error="control stream encountered a failure while serving" connIndex=0 event=0 ip=2606:4700:a8::2
2026-05-30T15:57:24Z INF Retrying connection in up to 8s connIndex=0 event=0 ip=2606:4700:a8::2
2026-05-30T15:57:29Z INF Tunnel connection curve preferences: [X25519MLKEM768 CurveID(65074) CurveP256] connIndex=0 event=0 ip=2606:4700:a8::2
2026-05-30T15:57:29Z ERR failed to run the datagram handler error="context canceled" connIndex=0 event=0 ip=2606:4700:a8::2
2026-05-30T15:57:29Z ERR failed to serve tunnel connection error="control stream encountered a failure while serving" connIndex=0 event=0 ip=2606:4700:a8::2
2026-05-30T15:57:29Z ERR Serve tunnel error error="control stream encountered a failure while serving" connIndex=0 event=0 ip=2606:4700:a8::2
2026-05-30T15:57:29Z INF Retrying connection in up to 16s connIndex=0 event=0 ip=2606:4700:a8::2
2026-05-30T15:57:33Z INF Tunnel connection curve preferences: [X25519MLKEM768 CurveID(65074) CurveP256] connIndex=0 event=0 ip=2606:4700:a8::2
2026-05-30T15:57:33Z ERR failed to run the datagram handler error="context canceled" connIndex=0 event=0 ip=2606:4700:a8::2
2026-05-30T15:57:33Z ERR failed to serve tunnel connection error="control stream encountered a failure while serving" connIndex=0 event=0 ip=2606:4700:a8::2
2026-05-30T15:57:33Z ERR Serve tunnel error error="control stream encountered a failure while serving" connIndex=0 event=0 ip=2606:4700:a8::2
2026-05-30T15:57:33Z INF Retrying connection in up to 32s connIndex=0 event=0 ip=2606:4700:a8::2
2026-05-30T15:57:46Z INF Tunnel connection curve preferences: [X25519MLKEM768 CurveID(65074) CurveP256] connIndex=0 event=0 ip=2606:4700:a8::2
2026-05-30T15:57:46Z ERR failed to run the datagram handler error="context canceled" connIndex=0 event=0 ip=2606:4700:a8::2
2026-05-30T15:57:46Z ERR failed to serve tunnel connection error="control stream encountered a failure while serving" connIndex=0 event=0 ip=2606:4700:a8::2
2026-05-30T15:57:46Z ERR Serve tunnel error error="control stream encountered a failure while serving" connIndex=0 event=0 ip=2606:4700:a8::2
2026-05-30T15:57:46Z INF Retrying connection in up to 1m4s connIndex=0 event=0 ip=2606:4700:a8::2
2026-05-30T15:57:58Z INF Tunnel connection curve preferences: [X25519MLKEM768 CurveID(65074) CurveP256] connIndex=0 event=0 ip=2606:4700:a8::2
2026-05-30T15:57:59Z ERR failed to run the datagram handler error="context canceled" connIndex=0 event=0 ip=2606:4700:a8::2
2026-05-30T15:57:59Z ERR failed to serve tunnel connection error="control stream encountered a failure while serving" connIndex=0 event=0 ip=2606:4700:a8::2
2026-05-30T15:57:59Z ERR Serve tunnel error error="control stream encountered a failure while serving" connIndex=0 event=0 ip=2606:4700:a8::2
2026-05-30T15:57:59Z INF Retrying connection in up to 1m4s connIndex=0 event=0 ip=2606:4700:a8::2
2026-05-30T16:03:11Z INF Tunnel connection curve preferences: [X25519MLKEM768 CurveID(65074) CurveP256] connIndex=0 event=0 ip=2606:4700:a8::2
2026-05-30T16:03:11Z ERR failed to run the datagram handler error="context canceled" connIndex=0 event=0 ip=2606:4700:a8::2
2026-05-30T16:03:11Z ERR failed to serve tunnel connection error="control stream encountered a failure while serving" connIndex=0 event=0 ip=2606:4700:a8::2
2026-05-30T16:03:11Z ERR Serve tunnel error error="control stream encountered a failure while serving" connIndex=0 event=0 ip=2606:4700:a8::2
2026-05-30T16:03:11Z INF Retrying connection in up to 1m4s connIndex=0 event=0 ip=2606:4700:a8::2
2026-05-30T16:03:44Z INF Tunnel connection curve preferences: [X25519MLKEM768 CurveID(65074) CurveP256] connIndex=0 event=0 ip=2606:4700:a8::2
2026-05-30T16:03:44Z ERR failed to run the datagram handler error="context canceled" connIndex=0 event=0 ip=2606:4700:a8::2
2026-05-30T16:03:44Z ERR failed to serve tunnel connection error="control stream encountered a failure while serving" connIndex=0 event=0 ip=2606:4700:a8::2
2026-05-30T16:03:44Z ERR Serve tunnel error error="control stream encountered a failure while serving" connIndex=0 event=0 ip=2606:4700:a8::2
2026-05-30T16:03:44Z INF Retrying connection in up to 1m4s connIndex=0 event=0 ip=2606:4700:a8::2
2026-05-30T16:04:07Z INF Tunnel connection curve preferences: [X25519MLKEM768 CurveID(65074) CurveP256] connIndex=0 event=0 ip=2606:4700:a8::2
2026-05-30T16:04:08Z ERR failed to run the datagram handler error="context canceled" connIndex=0 event=0 ip=2606:4700:a8::2
2026-05-30T16:04:08Z ERR failed to serve tunnel connection error="control stream encountered a failure while serving" connIndex=0 event=0 ip=2606:4700:a8::2
2026-05-30T16:04:08Z ERR Serve tunnel error error="control stream encountered a failure while serving" connIndex=0 event=0 ip=2606:4700:a8::2
2026-05-30T16:04:08Z INF Retrying connection in up to 1m4s connIndex=0 event=0 ip=2606:4700:a8::2
2026-05-30T16:04:08Z INF Tunnel connection curve preferences: [X25519MLKEM768 CurveID(65074) CurveP256] connIndex=0 event=0 ip=2606:4700:a8::2
2026-05-30T16:04:08Z ERR failed to run the datagram handler error="context canceled" connIndex=0 event=0 ip=2606:4700:a8::2
2026-05-30T16:04:08Z ERR failed to serve tunnel connection error="control stream encountered a failure while serving" connIndex=0 event=0 ip=2606:4700:a8::2
2026-05-30T16:04:08Z ERR Serve tunnel error error="control stream encountered a failure while serving" connIndex=0 event=0 ip=2606:4700:a8::2
2026-05-30T16:04:08Z INF Retrying connection in up to 1m4s connIndex=0 event=0 ip=2606:4700:a8::2
2026-05-30T16:04:08Z INF Tunnel connection curve preferences: [X25519MLKEM768 CurveID(65074) CurveP256] connIndex=0 event=0 ip=2606:4700:a8::2
2026-05-30T16:04:09Z ERR failed to run the datagram handler error="context canceled" connIndex=0 event=0 ip=2606:4700:a8::2
2026-05-30T16:04:09Z ERR failed to serve tunnel connection error="control stream encountered a failure while serving" connIndex=0 event=0 ip=2606:4700:a8::2
2026-05-30T16:04:09Z ERR Serve tunnel error error="control stream encountered a failure while serving" connIndex=0 event=0 ip=2606:4700:a8::2
2026-05-30T16:04:09Z INF Retrying connection in up to 1m4s connIndex=0 event=0 ip=2606:4700:a8::2
2026-05-30T16:04:38Z INF Tunnel connection curve preferences: [X25519MLKEM768 CurveID(65074) CurveP256] connIndex=0 event=0 ip=2606:4700:a8::2
2026-05-30T16:04:38Z ERR failed to run the datagram handler error="context canceled" connIndex=0 event=0 ip=2606:4700:a8::2
2026-05-30T16:04:38Z ERR failed to serve tunnel connection error="control stream encountered a failure while serving" connIndex=0 event=0 ip=2606:4700:a8::2
2026-05-30T16:04:38Z ERR Serve tunnel error error="control stream encountered a failure while serving" connIndex=0 event=0 ip=2606:4700:a8::2
2026-05-30T16:04:38Z INF Retrying connection in up to 1m4s connIndex=0 event=0 ip=2606:4700:a8::2
2026-05-30T16:04:42Z INF Tunnel connection curve preferences: [X25519MLKEM768 CurveID(65074) CurveP256] connIndex=0 event=0 ip=2606:4700:a8::2
2026-05-30T16:04:42Z ERR failed to run the datagram handler error="context canceled" connIndex=0 event=0 ip=2606:4700:a8::2
2026-05-30T16:04:42Z ERR failed to serve tunnel connection error="control stream encountered a failure while serving" connIndex=0 event=0 ip=2606:4700:a8::2
2026-05-30T16:04:42Z ERR Serve tunnel error error="control stream encountered a failure while serving" connIndex=0 event=0 ip=2606:4700:a8::2
2026-05-30T16:04:42Z INF Retrying connection in up to 1m4s connIndex=0 event=0 ip=2606:4700:a8::2
2026-05-30T16:05:06Z INF Tunnel connection curve preferences: [X25519MLKEM768 CurveID(65074) CurveP256] connIndex=0 event=0 ip=2606:4700:a8::2
2026-05-30T16:05:06Z ERR failed to run the datagram handler error="context canceled" connIndex=0 event=0 ip=2606:4700:a8::2
2026-05-30T16:05:06Z ERR failed to serve tunnel connection error="control stream encountered a failure while serving" connIndex=0 event=0 ip=2606:4700:a8::2
2026-05-30T16:05:06Z ERR Serve tunnel error error="control stream encountered a failure while serving" connIndex=0 event=0 ip=2606:4700:a8::2
2026-05-30T16:05:06Z INF Retrying connection in up to 1m4s connIndex=0 event=0 ip=2606:4700:a8::2
2026-05-30T16:08:04Z INF Tunnel connection curve preferences: [X25519MLKEM768 CurveID(65074) CurveP256] connIndex=0 event=0 ip=2606:4700:a8::2
2026-05-30T16:08:04Z ERR failed to run the datagram handler error="context canceled" connIndex=0 event=0 ip=2606:4700:a8::2
2026-05-30T16:08:04Z ERR failed to serve tunnel connection error="control stream encountered a failure while serving" connIndex=0 event=0 ip=2606:4700:a8::2
2026-05-30T16:08:04Z ERR Serve tunnel error error="control stream encountered a failure while serving" connIndex=0 event=0 ip=2606:4700:a8::2
2026-05-30T16:08:04Z INF Retrying connection in up to 1m4s connIndex=0 event=0 ip=2606:4700:a8::2
2026-05-30T16:08:20Z INF Tunnel connection curve preferences: [X25519MLKEM768 CurveID(65074) CurveP256] connIndex=0 event=0 ip=2606:4700:a8::2
2026-05-30T16:08:20Z ERR failed to run the datagram handler error="context canceled" connIndex=0 event=0 ip=2606:4700:a8::2
2026-05-30T16:08:20Z ERR failed to serve tunnel connection error="control stream encountered a failure while serving" connIndex=0 event=0 ip=2606:4700:a8::2
2026-05-30T16:08:20Z ERR Serve tunnel error error="control stream encountered a failure while serving" connIndex=0 event=0 ip=2606:4700:a8::2
2026-05-30T16:08:20Z INF Retrying connection in up to 1m4s connIndex=0 event=0 ip=2606:4700:a8::2
2026-05-30T16:24:21Z INF Tunnel connection curve preferences: [X25519MLKEM768 CurveID(65074) CurveP256] connIndex=0 event=0 ip=2606:4700:a8::2
2026-05-30T16:24:21Z ERR failed to run the datagram handler error="context canceled" connIndex=0 event=0 ip=2606:4700:a8::2
2026-05-30T16:24:21Z ERR failed to serve tunnel connection error="control stream encountered a failure while serving" connIndex=0 event=0 ip=2606:4700:a8::2
2026-05-30T16:24:21Z ERR Serve tunnel error error="control stream encountered a failure while serving" connIndex=0 event=0 ip=2606:4700:a8::2
2026-05-30T16:24:21Z INF Retrying connection in up to 1m4s connIndex=0 event=0 ip=2606:4700:a8::2
2026-05-30T16:24:25Z INF Tunnel connection curve preferences: [X25519MLKEM768 CurveID(65074) CurveP256] connIndex=0 event=0 ip=2606:4700:a8::2
2026-05-30T16:24:25Z ERR failed to run the datagram handler error="context canceled" connIndex=0 event=0 ip=2606:4700:a8::2
2026-05-30T16:24:25Z ERR failed to serve tunnel connection error="control stream encountered a failure while serving" connIndex=0 event=0 ip=2606:4700:a8::2
2026-05-30T16:24:25Z ERR Serve tunnel error error="control stream encountered a failure while serving" connIndex=0 event=0 ip=2606:4700:a8::2
2026-05-30T16:24:25Z INF Retrying connection in up to 1m4s connIndex=0 event=0 ip=2606:4700:a8::2
2026-05-30T16:24:46Z INF Tunnel connection curve preferences: [X25519MLKEM768 CurveID(65074) CurveP256] connIndex=0 event=0 ip=2606:4700:a8::2
2026-05-30T16:24:46Z ERR failed to run the datagram handler error="context canceled" connIndex=0 event=0 ip=2606:4700:a8::2
2026-05-30T16:24:46Z ERR failed to serve tunnel connection error="control stream encountered a failure while serving" connIndex=0 event=0 ip=2606:4700:a8::2
2026-05-30T16:24:46Z ERR Serve tunnel error error="control stream encountered a failure while serving" connIndex=0 event=0 ip=2606:4700:a8::2
2026-05-30T16:24:46Z INF Retrying connection in up to 1m4s connIndex=0 event=0 ip=2606:4700:a8::2
2026-05-30T16:32:54Z INF Tunnel connection curve preferences: [X25519MLKEM768 CurveID(65074) CurveP256] connIndex=0 event=0 ip=2606:4700:a8::2
2026-05-30T16:32:54Z ERR failed to run the datagram handler error="context canceled" connIndex=0 event=0 ip=2606:4700:a8::2
2026-05-30T16:32:54Z ERR failed to serve tunnel connection error="control stream encountered a failure while serving" connIndex=0 event=0 ip=2606:4700:a8::2
2026-05-30T16:32:54Z ERR Serve tunnel error error="control stream encountered a failure while serving" connIndex=0 event=0 ip=2606:4700:a8::2
2026-05-30T16:32:54Z INF Retrying connection in up to 1m4s connIndex=0 event=0 ip=2606:4700:a8::2
2026-05-30T16:33:08Z INF Tunnel connection curve preferences: [X25519MLKEM768 CurveID(65074) CurveP256] connIndex=0 event=0 ip=2606:4700:a8::2
2026-05-30T16:33:08Z ERR failed to run the datagram handler error="context canceled" connIndex=0 event=0 ip=2606:4700:a8::2
2026-05-30T16:33:08Z ERR failed to serve tunnel connection error="control stream encountered a failure while serving" connIndex=0 event=0 ip=2606:4700:a8::2
2026-05-30T16:33:08Z ERR Serve tunnel error error="control stream encountered a failure while serving" connIndex=0 event=0 ip=2606:4700:a8::2
2026-05-30T16:33:08Z INF Retrying connection in up to 1m4s connIndex=0 event=0 ip=2606:4700:a8::2
2026-05-30T16:33:31Z INF Tunnel connection curve preferences: [X25519MLKEM768 CurveID(65074) CurveP256] connIndex=0 event=0 ip=2606:4700:a8::2
2026-05-30T16:33:31Z ERR failed to run the datagram handler error="context canceled" connIndex=0 event=0 ip=2606:4700:a8::2
2026-05-30T16:33:31Z ERR failed to serve tunnel connection error="control stream encountered a failure while serving" connIndex=0 event=0 ip=2606:4700:a8::2
2026-05-30T16:33:31Z ERR Serve tunnel error error="control stream encountered a failure while serving" connIndex=0 event=0 ip=2606:4700:a8::2
2026-05-30T16:33:31Z INF Retrying connection in up to 1m4s connIndex=0 event=0 ip=2606:4700:a8::2
2026-05-30T16:34:17Z INF Tunnel connection curve preferences: [X25519MLKEM768 CurveID(65074) CurveP256] connIndex=0 event=0 ip=2606:4700:a8::2
2026-05-30T16:34:17Z ERR failed to run the datagram handler error="context canceled" connIndex=0 event=0 ip=2606:4700:a8::2
2026-05-30T16:34:17Z ERR failed to serve tunnel connection error="control stream encountered a failure while serving" connIndex=0 event=0 ip=2606:4700:a8::2
2026-05-30T16:34:17Z ERR Serve tunnel error error="control stream encountered a failure while serving" connIndex=0 event=0 ip=2606:4700:a8::2
2026-05-30T16:34:17Z INF Retrying connection in up to 1m4s connIndex=0 event=0 ip=2606:4700:a8::2
2026-05-30T16:34:23Z INF Tunnel connection curve preferences: [X25519MLKEM768 CurveID(65074) CurveP256] connIndex=0 event=0 ip=2606:4700:a8::2
2026-05-30T16:34:23Z ERR failed to run the datagram handler error="context canceled" connIndex=0 event=0 ip=2606:4700:a8::2
2026-05-30T16:34:23Z ERR failed to serve tunnel connection error="control stream encountered a failure while serving" connIndex=0 event=0 ip=2606:4700:a8::2
2026-05-30T16:34:23Z ERR Serve tunnel error error="control stream encountered a failure while serving" connIndex=0 event=0 ip=2606:4700:a8::2
2026-05-30T16:34:23Z INF Retrying connection in up to 1m4s connIndex=0 event=0 ip=2606:4700:a8::2
2026-05-30T16:34:42Z INF Tunnel connection curve preferences: [X25519MLKEM768 CurveID(65074) CurveP256] connIndex=0 event=0 ip=2606:4700:a8::2
2026-05-30T16:34:43Z ERR failed to run the datagram handler error="context canceled" connIndex=0 event=0 ip=2606:4700:a8::2
2026-05-30T16:34:43Z ERR failed to serve tunnel connection error="control stream encountered a failure while serving" connIndex=0 event=0 ip=2606:4700:a8::2
2026-05-30T16:34:43Z ERR Serve tunnel error error="control stream encountered a failure while serving" connIndex=0 event=0 ip=2606:4700:a8::2
2026-05-30T16:34:43Z INF Retrying connection in up to 1m4s connIndex=0 event=0 ip=2606:4700:a8::2
2026-05-30T16:34:54Z INF Tunnel connection curve preferences: [X25519MLKEM768 CurveID(65074) CurveP256] connIndex=0 event=0 ip=2606:4700:a8::2
2026-05-30T16:34:54Z ERR failed to run the datagram handler error="context canceled" connIndex=0 event=0 ip=2606:4700:a8::2
2026-05-30T16:34:54Z ERR failed to serve tunnel connection error="control stream encountered a failure while serving" connIndex=0 event=0 ip=2606:4700:a8::2
2026-05-30T16:34:54Z ERR Serve tunnel error error="control stream encountered a failure while serving" connIndex=0 event=0 ip=2606:4700:a8::2
2026-05-30T16:34:54Z INF Retrying connection in up to 1m4s connIndex=0 event=0 ip=2606:4700:a8::2
2026-05-30T16:35:11Z INF Tunnel connection curve preferences: [X25519MLKEM768 CurveID(65074) CurveP256] connIndex=0 event=0 ip=2606:4700:a8::2
2026-05-30T16:35:12Z ERR failed to run the datagram handler error="context canceled" connIndex=0 event=0 ip=2606:4700:a8::2
2026-05-30T16:35:12Z ERR failed to serve tunnel connection error="control stream encountered a failure while serving" connIndex=0 event=0 ip=2606:4700:a8::2
2026-05-30T16:35:12Z ERR Serve tunnel error error="control stream encountered a failure while serving" connIndex=0 event=0 ip=2606:4700:a8::2
2026-05-30T16:35:12Z INF Retrying connection in up to 1m4s connIndex=0 event=0 ip=2606:4700:a8::2
2026-05-30T16:35:28Z INF Tunnel connection curve preferences: [X25519MLKEM768 CurveID(65074) CurveP256] connIndex=0 event=0 ip=2606:4700:a8::2
2026-05-30T16:35:28Z ERR failed to run the datagram handler error="context canceled" connIndex=0 event=0 ip=2606:4700:a8::2
2026-05-30T16:35:28Z ERR failed to serve tunnel connection error="control stream encountered a failure while serving" connIndex=0 event=0 ip=2606:4700:a8::2
2026-05-30T16:35:28Z ERR Serve tunnel error error="control stream encountered a failure while serving" connIndex=0 event=0 ip=2606:4700:a8::2
2026-05-30T16:35:28Z INF Retrying connection in up to 1m4s connIndex=0 event=0 ip=2606:4700:a8::2
2026-05-30T16:35:35Z INF Tunnel connection curve preferences: [X25519MLKEM768 CurveID(65074) CurveP256] connIndex=0 event=0 ip=2606:4700:a8::2
2026-05-30T16:35:35Z ERR failed to run the datagram handler error="context canceled" connIndex=0 event=0 ip=2606:4700:a8::2
2026-05-30T16:35:35Z ERR failed to serve tunnel connection error="control stream encountered a failure while serving" connIndex=0 event=0 ip=2606:4700:a8::2
2026-05-30T16:35:35Z ERR Serve tunnel error error="control stream encountered a failure while serving" connIndex=0 event=0 ip=2606:4700:a8::2
2026-05-30T16:35:35Z INF Retrying connection in up to 1m4s connIndex=0 event=0 ip=2606:4700:a8::2
2026-05-30T16:35:51Z INF Tunnel connection curve preferences: [X25519MLKEM768 CurveID(65074) CurveP256] connIndex=0 event=0 ip=2606:4700:a8::2
2026-05-30T16:35:51Z ERR failed to run the datagram handler error="context canceled" connIndex=0 event=0 ip=2606:4700:a8::2
2026-05-30T16:35:51Z ERR failed to serve tunnel connection error="control stream encountered a failure while serving" connIndex=0 event=0 ip=2606:4700:a8::2
2026-05-30T16:35:51Z ERR Serve tunnel error error="control stream encountered a failure while serving" connIndex=0 event=0 ip=2606:4700:a8::2
2026-05-30T16:35:51Z INF Retrying connection in up to 1m4s connIndex=0 event=0 ip=2606:4700:a8::2
2026-05-30T16:35:57Z INF Tunnel connection curve preferences: [X25519MLKEM768 CurveID(65074) CurveP256] connIndex=0 event=0 ip=2606:4700:a8::2
2026-05-30T16:35:57Z ERR failed to run the datagram handler error="context canceled" connIndex=0 event=0 ip=2606:4700:a8::2
2026-05-30T16:35:57Z ERR failed to serve tunnel connection error="control stream encountered a failure while serving" connIndex=0 event=0 ip=2606:4700:a8::2
2026-05-30T16:35:57Z ERR Serve tunnel error error="control stream encountered a failure while serving" connIndex=0 event=0 ip=2606:4700:a8::2
2026-05-30T16:35:57Z INF Retrying connection in up to 1m4s connIndex=0 event=0 ip=2606:4700:a8::2
2026-05-30T16:36:09Z INF Tunnel connection curve preferences: [X25519MLKEM768 CurveID(65074) CurveP256] connIndex=0 event=0 ip=2606:4700:a8::2
2026-05-30T16:36:09Z ERR failed to run the datagram handler error="context canceled" connIndex=0 event=0 ip=2606:4700:a8::2
2026-05-30T16:36:09Z ERR failed to serve tunnel connection error="control stream encountered a failure while serving" connIndex=0 event=0 ip=2606:4700:a8::2
2026-05-30T16:36:09Z ERR Serve tunnel error error="control stream encountered a failure while serving" connIndex=0 event=0 ip=2606:4700:a8::2
2026-05-30T16:36:09Z INF Retrying connection in up to 1m4s connIndex=0 event=0 ip=2606:4700:a8::2
2026-05-30T16:36:37Z INF Tunnel connection curve preferences: [X25519MLKEM768 CurveID(65074) CurveP256] connIndex=0 event=0 ip=2606:4700:a8::2
2026-05-30T16:36:38Z ERR failed to run the datagram handler error="context canceled" connIndex=0 event=0 ip=2606:4700:a8::2
2026-05-30T16:36:38Z ERR failed to serve tunnel connection error="control stream encountered a failure while serving" connIndex=0 event=0 ip=2606:4700:a8::2
2026-05-30T16:36:38Z ERR Serve tunnel error error="control stream encountered a failure while serving" connIndex=0 event=0 ip=2606:4700:a8::2
2026-05-30T16:36:38Z INF Retrying connection in up to 1m4s connIndex=0 event=0 ip=2606:4700:a8::2
2026-05-30T16:36:52Z INF Tunnel connection curve preferences: [X25519MLKEM768 CurveID(65074) CurveP256] connIndex=0 event=0 ip=2606:4700:a8::2
2026-05-30T16:36:52Z ERR failed to run the datagram handler error="context canceled" connIndex=0 event=0 ip=2606:4700:a8::2
2026-05-30T16:36:52Z ERR failed to serve tunnel connection error="control stream encountered a failure while serving" connIndex=0 event=0 ip=2606:4700:a8::2
2026-05-30T16:36:52Z ERR Serve tunnel error error="control stream encountered a failure while serving" connIndex=0 event=0 ip=2606:4700:a8::2
2026-05-30T16:36:52Z INF Retrying connection in up to 1m4s connIndex=0 event=0 ip=2606:4700:a8::2
2026-05-30T16:36:54Z INF Tunnel connection curve preferences: [X25519MLKEM768 CurveID(65074) CurveP256] connIndex=0 event=0 ip=2606:4700:a8::2
2026-05-30T16:36:54Z ERR failed to run the datagram handler error="context canceled" connIndex=0 event=0 ip=2606:4700:a8::2
2026-05-30T16:36:54Z ERR failed to serve tunnel connection error="control stream encountered a failure while serving" connIndex=0 event=0 ip=2606:4700:a8::2
2026-05-30T16:36:54Z ERR Serve tunnel error error="control stream encountered a failure while serving" connIndex=0 event=0 ip=2606:4700:a8::2
2026-05-30T16:36:54Z INF Retrying connection in up to 1m4s connIndex=0 event=0 ip=2606:4700:a8::2
2026-05-30T16:37:16Z INF Tunnel connection curve preferences: [X25519MLKEM768 CurveID(65074) CurveP256] connIndex=0 event=0 ip=2606:4700:a8::2
2026-05-30T16:37:16Z ERR failed to run the datagram handler error="context canceled" connIndex=0 event=0 ip=2606:4700:a8::2
2026-05-30T16:37:16Z ERR failed to serve tunnel connection error="control stream encountered a failure while serving" connIndex=0 event=0 ip=2606:4700:a8::2
2026-05-30T16:37:16Z ERR Serve tunnel error error="control stream encountered a failure while serving" connIndex=0 event=0 ip=2606:4700:a8::2
2026-05-30T16:37:16Z INF Retrying connection in up to 1m4s connIndex=0 event=0 ip=2606:4700:a8::2
2026-05-30T16:37:47Z INF Tunnel connection curve preferences: [X25519MLKEM768 CurveID(65074) CurveP256] connIndex=0 event=0 ip=2606:4700:a8::2
2026-05-30T16:37:48Z ERR failed to run the datagram handler error="context canceled" connIndex=0 event=0 ip=2606:4700:a8::2
2026-05-30T16:37:48Z ERR failed to serve tunnel connection error="control stream encountered a failure while serving" connIndex=0 event=0 ip=2606:4700:a8::2
2026-05-30T16:37:48Z ERR Serve tunnel error error="control stream encountered a failure while serving" connIndex=0 event=0 ip=2606:4700:a8::2
2026-05-30T16:37:48Z INF Retrying connection in up to 1m4s connIndex=0 event=0 ip=2606:4700:a8::2
2026-05-30T16:38:00Z INF Tunnel connection curve preferences: [X25519MLKEM768 CurveID(65074) CurveP256] connIndex=0 event=0 ip=2606:4700:a8::2
2026-05-30T16:38:00Z ERR failed to run the datagram handler error="context canceled" connIndex=0 event=0 ip=2606:4700:a8::2
2026-05-30T16:38:00Z ERR failed to serve tunnel connection error="control stream encountered a failure while serving" connIndex=0 event=0 ip=2606:4700:a8::2
2026-05-30T16:38:00Z ERR Serve tunnel error error="control stream encountered a failure while serving" connIndex=0 event=0 ip=2606:4700:a8::2
2026-05-30T16:38:00Z INF Retrying connection in up to 1m4s connIndex=0 event=0 ip=2606:4700:a8::2
2026-05-30T16:38:22Z INF Tunnel connection curve preferences: [X25519MLKEM768 CurveID(65074) CurveP256] connIndex=0 event=0 ip=2606:4700:a8::2
2026-05-30T16:38:22Z ERR failed to run the datagram handler error="context canceled" connIndex=0 event=0 ip=2606:4700:a8::2
2026-05-30T16:38:22Z ERR failed to serve tunnel connection error="control stream encountered a failure while serving" connIndex=0 event=0 ip=2606:4700:a8::2
2026-05-30T16:38:22Z ERR Serve tunnel error error="control stream encountered a failure while serving" connIndex=0 event=0 ip=2606:4700:a8::2
2026-05-30T16:38:22Z INF Retrying connection in up to 1m4s connIndex=0 event=0 ip=2606:4700:a8::2
2026-05-30T16:38:42Z INF Tunnel connection curve preferences: [X25519MLKEM768 CurveID(65074) CurveP256] connIndex=0 event=0 ip=2606:4700:a8::2
2026-05-30T16:38:42Z ERR failed to run the datagram handler error="context canceled" connIndex=0 event=0 ip=2606:4700:a8::2
2026-05-30T16:38:42Z ERR failed to serve tunnel connection error="control stream encountered a failure while serving" connIndex=0 event=0 ip=2606:4700:a8::2
2026-05-30T16:38:42Z ERR Serve tunnel error error="control stream encountered a failure while serving" connIndex=0 event=0 ip=2606:4700:a8::2
2026-05-30T16:38:42Z INF Retrying connection in up to 1m4s connIndex=0 event=0 ip=2606:4700:a8::2
2026-05-30T16:39:01Z INF Tunnel connection curve preferences: [X25519MLKEM768 CurveID(65074) CurveP256] connIndex=0 event=0 ip=2606:4700:a8::2
2026-05-30T16:39:01Z ERR failed to run the datagram handler error="context canceled" connIndex=0 event=0 ip=2606:4700:a8::2
2026-05-30T16:39:01Z ERR failed to serve tunnel connection error="control stream encountered a failure while serving" connIndex=0 event=0 ip=2606:4700:a8::2
2026-05-30T16:39:01Z ERR Serve tunnel error error="control stream encountered a failure while serving" connIndex=0 event=0 ip=2606:4700:a8::2
2026-05-30T16:39:01Z INF Retrying connection in up to 1m4s connIndex=0 event=0 ip=2606:4700:a8::2
2026-05-30T16:39:24Z INF Tunnel connection curve preferences: [X25519MLKEM768 CurveID(65074) CurveP256] connIndex=0 event=0 ip=2606:4700:a8::2
2026-05-30T16:39:24Z ERR failed to run the datagram handler error="context canceled" connIndex=0 event=0 ip=2606:4700:a8::2
2026-05-30T16:39:24Z ERR failed to serve tunnel connection error="control stream encountered a failure while serving" connIndex=0 event=0 ip=2606:4700:a8::2
2026-05-30T16:39:24Z ERR Serve tunnel error error="control stream encountered a failure while serving" connIndex=0 event=0 ip=2606:4700:a8::2
2026-05-30T16:39:24Z INF Retrying connection in up to 1m4s connIndex=0 event=0 ip=2606:4700:a8::2
2026-05-30T16:39:49Z INF Tunnel connection curve preferences: [X25519MLKEM768 CurveID(65074) CurveP256] connIndex=0 event=0 ip=2606:4700:a8::2
2026-05-30T16:39:49Z ERR failed to run the datagram handler error="context canceled" connIndex=0 event=0 ip=2606:4700:a8::2
2026-05-30T16:39:49Z ERR failed to serve tunnel connection error="control stream encountered a failure while serving" connIndex=0 event=0 ip=2606:4700:a8::2
2026-05-30T16:39:49Z ERR Serve tunnel error error="control stream encountered a failure while serving" connIndex=0 event=0 ip=2606:4700:a8::2
2026-05-30T16:39:49Z INF Retrying connection in up to 1m4s connIndex=0 event=0 ip=2606:4700:a8::2
2026-05-30T16:39:54Z INF Tunnel connection curve preferences: [X25519MLKEM768 CurveID(65074) CurveP256] connIndex=0 event=0 ip=2606:4700:a8::2
2026-05-30T16:39:55Z ERR failed to run the datagram handler error="context canceled" connIndex=0 event=0 ip=2606:4700:a8::2
2026-05-30T16:39:55Z ERR failed to serve tunnel connection error="control stream encountered a failure while serving" connIndex=0 event=0 ip=2606:4700:a8::2
2026-05-30T16:39:55Z ERR Serve tunnel error error="control stream encountered a failure while serving" connIndex=0 event=0 ip=2606:4700:a8::2
2026-05-30T16:39:55Z INF Retrying connection in up to 1m4s connIndex=0 event=0 ip=2606:4700:a8::2
2026-05-30T16:40:20Z INF Tunnel connection curve preferences: [X25519MLKEM768 CurveID(65074) CurveP256] connIndex=0 event=0 ip=2606:4700:a8::2
2026-05-30T16:40:20Z ERR failed to run the datagram handler error="context canceled" connIndex=0 event=0 ip=2606:4700:a8::2
2026-05-30T16:40:20Z ERR failed to serve tunnel connection error="control stream encountered a failure while serving" connIndex=0 event=0 ip=2606:4700:a8::2
2026-05-30T16:40:20Z ERR Serve tunnel error error="control stream encountered a failure while serving" connIndex=0 event=0 ip=2606:4700:a8::2
2026-05-30T16:40:20Z INF Retrying connection in up to 1m4s connIndex=0 event=0 ip=2606:4700:a8::2
2026-05-30T16:40:46Z INF Tunnel connection curve preferences: [X25519MLKEM768 CurveID(65074) CurveP256] connIndex=0 event=0 ip=2606:4700:a8::2
2026-05-30T16:40:46Z ERR failed to run the datagram handler error="context canceled" connIndex=0 event=0 ip=2606:4700:a8::2
2026-05-30T16:40:46Z ERR failed to serve tunnel connection error="control stream encountered a failure while serving" connIndex=0 event=0 ip=2606:4700:a8::2
2026-05-30T16:40:46Z ERR Serve tunnel error error="control stream encountered a failure while serving" connIndex=0 event=0 ip=2606:4700:a8::2
2026-05-30T16:40:46Z INF Retrying connection in up to 1m4s connIndex=0 event=0 ip=2606:4700:a8::2
2026-05-30T16:41:14Z INF Tunnel connection curve preferences: [X25519MLKEM768 CurveID(65074) CurveP256] connIndex=0 event=0 ip=2606:4700:a8::2
2026-05-30T16:41:14Z ERR failed to run the datagram handler error="context canceled" connIndex=0 event=0 ip=2606:4700:a8::2
2026-05-30T16:41:14Z ERR failed to serve tunnel connection error="control stream encountered a failure while serving" connIndex=0 event=0 ip=2606:4700:a8::2
2026-05-30T16:41:14Z ERR Serve tunnel error error="control stream encountered a failure while serving" connIndex=0 event=0 ip=2606:4700:a8::2
2026-05-30T16:41:14Z INF Retrying connection in up to 1m4s connIndex=0 event=0 ip=2606:4700:a8::2
2026-05-30T16:41:15Z INF Tunnel connection curve preferences: [X25519MLKEM768 CurveID(65074) CurveP256] connIndex=0 event=0 ip=2606:4700:a8::2
2026-05-30T16:41:16Z ERR failed to run the datagram handler error="context canceled" connIndex=0 event=0 ip=2606:4700:a8::2
2026-05-30T16:41:16Z ERR failed to serve tunnel connection error="control stream encountered a failure while serving" connIndex=0 event=0 ip=2606:4700:a8::2
2026-05-30T16:41:16Z ERR Serve tunnel error error="control stream encountered a failure while serving" connIndex=0 event=0 ip=2606:4700:a8::2
2026-05-30T16:41:16Z INF Retrying connection in up to 1m4s connIndex=0 event=0 ip=2606:4700:a8::2
2026-05-30T16:41:24Z INF Tunnel connection curve preferences: [X25519MLKEM768 CurveID(65074) CurveP256] connIndex=0 event=0 ip=2606:4700:a8::2
2026-05-30T16:41:25Z ERR failed to run the datagram handler error="context canceled" connIndex=0 event=0 ip=2606:4700:a8::2
2026-05-30T16:41:25Z ERR failed to serve tunnel connection error="control stream encountered a failure while serving" connIndex=0 event=0 ip=2606:4700:a8::2
2026-05-30T16:41:25Z ERR Serve tunnel error error="control stream encountered a failure while serving" connIndex=0 event=0 ip=2606:4700:a8::2
2026-05-30T16:41:25Z INF Retrying connection in up to 1m4s connIndex=0 event=0 ip=2606:4700:a8::2
2026-05-30T16:41:28Z INF Tunnel connection curve preferences: [X25519MLKEM768 CurveID(65074) CurveP256] connIndex=0 event=0 ip=2606:4700:a8::2
2026-05-30T16:41:28Z ERR failed to run the datagram handler error="context canceled" connIndex=0 event=0 ip=2606:4700:a8::2
2026-05-30T16:41:28Z ERR failed to serve tunnel connection error="control stream encountered a failure while serving" connIndex=0 event=0 ip=2606:4700:a8::2
2026-05-30T16:41:28Z ERR Serve tunnel error error="control stream encountered a failure while serving" connIndex=0 event=0 ip=2606:4700:a8::2
2026-05-30T16:41:28Z INF Retrying connection in up to 1m4s connIndex=0 event=0 ip=2606:4700:a8::2
2026-05-30T16:41:46Z INF Tunnel connection curve preferences: [X25519MLKEM768 CurveID(65074) CurveP256] connIndex=0 event=0 ip=2606:4700:a8::2
2026-05-30T16:41:46Z ERR failed to run the datagram handler error="context canceled" connIndex=0 event=0 ip=2606:4700:a8::2
2026-05-30T16:41:46Z ERR failed to serve tunnel connection error="control stream encountered a failure while serving" connIndex=0 event=0 ip=2606:4700:a8::2
2026-05-30T16:41:46Z ERR Serve tunnel error error="control stream encountered a failure while serving" connIndex=0 event=0 ip=2606:4700:a8::2
2026-05-30T16:41:46Z INF Retrying connection in up to 1m4s connIndex=0 event=0 ip=2606:4700:a8::2
2026-05-30T16:42:13Z INF Tunnel connection curve preferences: [X25519MLKEM768 CurveID(65074) CurveP256] connIndex=0 event=0 ip=2606:4700:a8::2
2026-05-30T16:42:13Z ERR failed to run the datagram handler error="context canceled" connIndex=0 event=0 ip=2606:4700:a8::2
2026-05-30T16:42:13Z ERR failed to serve tunnel connection error="control stream encountered a failure while serving" connIndex=0 event=0 ip=2606:4700:a8::2
2026-05-30T16:42:13Z ERR Serve tunnel error error="control stream encountered a failure while serving" connIndex=0 event=0 ip=2606:4700:a8::2
2026-05-30T16:42:13Z INF Retrying connection in up to 1m4s connIndex=0 event=0 ip=2606:4700:a8::2
2026-05-30T16:42:42Z INF Tunnel connection curve preferences: [X25519MLKEM768 CurveID(65074) CurveP256] connIndex=0 event=0 ip=2606:4700:a8::2
2026-05-30T16:42:42Z ERR failed to run the datagram handler error="context canceled" connIndex=0 event=0 ip=2606:4700:a8::2
2026-05-30T16:42:42Z ERR failed to serve tunnel connection error="control stream encountered a failure while serving" connIndex=0 event=0 ip=2606:4700:a8::2
2026-05-30T16:42:42Z ERR Serve tunnel error error="control stream encountered a failure while serving" connIndex=0 event=0 ip=2606:4700:a8::2
2026-05-30T16:42:42Z INF Retrying connection in up to 1m4s connIndex=0 event=0 ip=2606:4700:a8::2
2026-05-30T16:42:52Z INF Tunnel connection curve preferences: [X25519MLKEM768 CurveID(65074) CurveP256] connIndex=0 event=0 ip=2606:4700:a8::2
2026-05-30T16:42:52Z ERR failed to run the datagram handler error="context canceled" connIndex=0 event=0 ip=2606:4700:a8::2
2026-05-30T16:42:52Z ERR failed to serve tunnel connection error="control stream encountered a failure while serving" connIndex=0 event=0 ip=2606:4700:a8::2
2026-05-30T16:42:52Z ERR Serve tunnel error error="control stream encountered a failure while serving" connIndex=0 event=0 ip=2606:4700:a8::2
2026-05-30T16:42:52Z INF Retrying connection in up to 1m4s connIndex=0 event=0 ip=2606:4700:a8::2
2026-05-30T16:43:06Z INF Tunnel connection curve preferences: [X25519MLKEM768 CurveID(65074) CurveP256] connIndex=0 event=0 ip=2606:4700:a8::2
2026-05-30T16:43:06Z ERR failed to run the datagram handler error="context canceled" connIndex=0 event=0 ip=2606:4700:a8::2
2026-05-30T16:43:06Z ERR failed to serve tunnel connection error="control stream encountered a failure while serving" connIndex=0 event=0 ip=2606:4700:a8::2
2026-05-30T16:43:06Z ERR Serve tunnel error error="control stream encountered a failure while serving" connIndex=0 event=0 ip=2606:4700:a8::2
2026-05-30T16:43:06Z INF Retrying connection in up to 1m4s connIndex=0 event=0 ip=2606:4700:a8::2
2026-05-30T16:43:23Z INF Tunnel connection curve preferences: [X25519MLKEM768 CurveID(65074) CurveP256] connIndex=0 event=0 ip=2606:4700:a8::2
2026-05-30T16:43:23Z ERR failed to run the datagram handler error="context canceled" connIndex=0 event=0 ip=2606:4700:a8::2
2026-05-30T16:43:23Z ERR failed to serve tunnel connection error="control stream encountered a failure while serving" connIndex=0 event=0 ip=2606:4700:a8::2
2026-05-30T16:43:23Z ERR Serve tunnel error error="control stream encountered a failure while serving" connIndex=0 event=0 ip=2606:4700:a8::2
2026-05-30T16:43:23Z INF Retrying connection in up to 1m4s connIndex=0 event=0 ip=2606:4700:a8::2
2026-05-30T16:43:26Z INF Tunnel connection curve preferences: [X25519MLKEM768 CurveID(65074) CurveP256] connIndex=0 event=0 ip=2606:4700:a8::2
2026-05-30T16:43:26Z ERR failed to run the datagram handler error="context canceled" connIndex=0 event=0 ip=2606:4700:a8::2
2026-05-30T16:43:26Z ERR failed to serve tunnel connection error="control stream encountered a failure while serving" connIndex=0 event=0 ip=2606:4700:a8::2
2026-05-30T16:43:26Z ERR Serve tunnel error error="control stream encountered a failure while serving" connIndex=0 event=0 ip=2606:4700:a8::2
2026-05-30T16:43:26Z INF Retrying connection in up to 1m4s connIndex=0 event=0 ip=2606:4700:a8::2
2026-05-30T16:43:46Z INF Tunnel connection curve preferences: [X25519MLKEM768 CurveID(65074) CurveP256] connIndex=0 event=0 ip=2606:4700:a8::2
2026-05-30T16:43:46Z ERR failed to run the datagram handler error="context canceled" connIndex=0 event=0 ip=2606:4700:a8::2
2026-05-30T16:43:46Z ERR failed to serve tunnel connection error="control stream encountered a failure while serving" connIndex=0 event=0 ip=2606:4700:a8::2
2026-05-30T16:43:46Z ERR Serve tunnel error error="control stream encountered a failure while serving" connIndex=0 event=0 ip=2606:4700:a8::2
2026-05-30T16:43:46Z INF Retrying connection in up to 1m4s connIndex=0 event=0 ip=2606:4700:a8::2
2026-05-30T16:43:51Z INF Tunnel connection curve preferences: [X25519MLKEM768 CurveID(65074) CurveP256] connIndex=0 event=0 ip=2606:4700:a8::2
2026-05-30T16:43:51Z ERR failed to run the datagram handler error="context canceled" connIndex=0 event=0 ip=2606:4700:a8::2
2026-05-30T16:43:51Z ERR failed to serve tunnel connection error="control stream encountered a failure while serving" connIndex=0 event=0 ip=2606:4700:a8::2
2026-05-30T16:43:51Z ERR Serve tunnel error error="control stream encountered a failure while serving" connIndex=0 event=0 ip=2606:4700:a8::2
2026-05-30T16:43:51Z INF Retrying connection in up to 1m4s connIndex=0 event=0 ip=2606:4700:a8::2
2026-05-30T16:44:11Z INF Tunnel connection curve preferences: [X25519MLKEM768 CurveID(65074) CurveP256] connIndex=0 event=0 ip=2606:4700:a8::2
2026-05-30T16:44:12Z ERR failed to run the datagram handler error="context canceled" connIndex=0 event=0 ip=2606:4700:a8::2
2026-05-30T16:44:12Z ERR failed to serve tunnel connection error="control stream encountered a failure while serving" connIndex=0 event=0 ip=2606:4700:a8::2
2026-05-30T16:44:12Z ERR Serve tunnel error error="control stream encountered a failure while serving" connIndex=0 event=0 ip=2606:4700:a8::2
2026-05-30T16:44:12Z INF Retrying connection in up to 1m4s connIndex=0 event=0 ip=2606:4700:a8::2
2026-05-30T16:44:26Z INF Tunnel connection curve preferences: [X25519MLKEM768 CurveID(65074) CurveP256] connIndex=0 event=0 ip=2606:4700:a8::2
2026-05-30T16:44:27Z ERR failed to run the datagram handler error="context canceled" connIndex=0 event=0 ip=2606:4700:a8::2
2026-05-30T16:44:27Z ERR failed to serve tunnel connection error="control stream encountered a failure while serving" connIndex=0 event=0 ip=2606:4700:a8::2
2026-05-30T16:44:27Z ERR Serve tunnel error error="control stream encountered a failure while serving" connIndex=0 event=0 ip=2606:4700:a8::2
2026-05-30T16:44:27Z INF Retrying connection in up to 1m4s connIndex=0 event=0 ip=2606:4700:a8::2
2026-05-30T16:44:41Z INF Tunnel connection curve preferences: [X25519MLKEM768 CurveID(65074) CurveP256] connIndex=0 event=0 ip=2606:4700:a8::2
2026-05-30T16:44:41Z ERR failed to run the datagram handler error="context canceled" connIndex=0 event=0 ip=2606:4700:a8::2
2026-05-30T16:44:41Z ERR failed to serve tunnel connection error="control stream encountered a failure while serving" connIndex=0 event=0 ip=2606:4700:a8::2
2026-05-30T16:44:41Z ERR Serve tunnel error error="control stream encountered a failure while serving" connIndex=0 event=0 ip=2606:4700:a8::2
2026-05-30T16:44:41Z INF Retrying connection in up to 1m4s connIndex=0 event=0 ip=2606:4700:a8::2
2026-05-30T16:44:47Z INF Tunnel connection curve preferences: [X25519MLKEM768 CurveID(65074) CurveP256] connIndex=0 event=0 ip=2606:4700:a8::2
2026-05-30T16:44:47Z ERR failed to run the datagram handler error="context canceled" connIndex=0 event=0 ip=2606:4700:a8::2
2026-05-30T16:44:47Z ERR failed to serve tunnel connection error="control stream encountered a failure while serving" connIndex=0 event=0 ip=2606:4700:a8::2
2026-05-30T16:44:47Z ERR Serve tunnel error error="control stream encountered a failure while serving" connIndex=0 event=0 ip=2606:4700:a8::2
2026-05-30T16:44:47Z INF Retrying connection in up to 1m4s connIndex=0 event=0 ip=2606:4700:a8::2
2026-05-30T16:44:56Z INF Tunnel connection curve preferences: [X25519MLKEM768 CurveID(65074) CurveP256] connIndex=0 event=0 ip=2606:4700:a8::2
2026-05-30T16:44:56Z ERR failed to run the datagram handler error="context canceled" connIndex=0 event=0 ip=2606:4700:a8::2
2026-05-30T16:44:56Z ERR failed to serve tunnel connection error="control stream encountered a failure while serving" connIndex=0 event=0 ip=2606:4700:a8::2
2026-05-30T16:44:56Z ERR Serve tunnel error error="control stream encountered a failure while serving" connIndex=0 event=0 ip=2606:4700:a8::2
2026-05-30T16:44:56Z INF Retrying connection in up to 1m4s connIndex=0 event=0 ip=2606:4700:a8::2
2026-05-30T16:45:22Z INF Tunnel connection curve preferences: [X25519MLKEM768 CurveID(65074) CurveP256] connIndex=0 event=0 ip=2606:4700:a8::2
2026-05-30T16:45:22Z ERR failed to run the datagram handler error="context canceled" connIndex=0 event=0 ip=2606:4700:a8::2
2026-05-30T16:45:22Z ERR failed to serve tunnel connection error="control stream encountered a failure while serving" connIndex=0 event=0 ip=2606:4700:a8::2
2026-05-30T16:45:22Z ERR Serve tunnel error error="control stream encountered a failure while serving" connIndex=0 event=0 ip=2606:4700:a8::2
2026-05-30T16:45:22Z INF Retrying connection in up to 1m4s connIndex=0 event=0 ip=2606:4700:a8::2
2026-05-30T16:45:48Z INF Tunnel connection curve preferences: [X25519MLKEM768 CurveID(65074) CurveP256] connIndex=0 event=0 ip=2606:4700:a8::2
2026-05-30T16:45:48Z ERR failed to run the datagram handler error="context canceled" connIndex=0 event=0 ip=2606:4700:a8::2
2026-05-30T16:45:48Z ERR failed to serve tunnel connection error="control stream encountered a failure while serving" connIndex=0 event=0 ip=2606:4700:a8::2
2026-05-30T16:45:48Z ERR Serve tunnel error error="control stream encountered a failure while serving" connIndex=0 event=0 ip=2606:4700:a8::2
2026-05-30T16:45:48Z INF Retrying connection in up to 1m4s connIndex=0 event=0 ip=2606:4700:a8::2
2026-05-30T16:45:55Z INF Tunnel connection curve preferences: [X25519MLKEM768 CurveID(65074) CurveP256] connIndex=0 event=0 ip=2606:4700:a8::2
2026-05-30T16:45:55Z ERR failed to run the datagram handler error="context canceled" connIndex=0 event=0 ip=2606:4700:a8::2
2026-05-30T16:45:55Z ERR failed to serve tunnel connection error="control stream encountered a failure while serving" connIndex=0 event=0 ip=2606:4700:a8::2
2026-05-30T16:45:55Z ERR Serve tunnel error error="control stream encountered a failure while serving" connIndex=0 event=0 ip=2606:4700:a8::2
2026-05-30T16:45:55Z INF Retrying connection in up to 1m4s connIndex=0 event=0 ip=2606:4700:a8::2
2026-05-30T16:46:19Z INF Tunnel connection curve preferences: [X25519MLKEM768 CurveID(65074) CurveP256] connIndex=0 event=0 ip=2606:4700:a8::2
2026-05-30T16:46:19Z ERR failed to run the datagram handler error="context canceled" connIndex=0 event=0 ip=2606:4700:a8::2
2026-05-30T16:46:19Z ERR failed to serve tunnel connection error="control stream encountered a failure while serving" connIndex=0 event=0 ip=2606:4700:a8::2
2026-05-30T16:46:19Z ERR Serve tunnel error error="control stream encountered a failure while serving" connIndex=0 event=0 ip=2606:4700:a8::2
2026-05-30T16:46:19Z INF Retrying connection in up to 1m4s connIndex=0 event=0 ip=2606:4700:a8::2
2026-05-30T16:46:29Z INF Tunnel connection curve preferences: [X25519MLKEM768 CurveID(65074) CurveP256] connIndex=0 event=0 ip=2606:4700:a8::2
2026-05-30T16:46:29Z ERR failed to run the datagram handler error="context canceled" connIndex=0 event=0 ip=2606:4700:a8::2
2026-05-30T16:46:29Z ERR failed to serve tunnel connection error="control stream encountered a failure while serving" connIndex=0 event=0 ip=2606:4700:a8::2
2026-05-30T16:46:29Z ERR Serve tunnel error error="control stream encountered a failure while serving" connIndex=0 event=0 ip=2606:4700:a8::2
2026-05-30T16:46:29Z INF Retrying connection in up to 1m4s connIndex=0 event=0 ip=2606:4700:a8::2
2026-05-30T16:46:57Z INF Tunnel connection curve preferences: [X25519MLKEM768 CurveID(65074) CurveP256] connIndex=0 event=0 ip=2606:4700:a8::2
2026-05-30T16:46:57Z ERR failed to run the datagram handler error="context canceled" connIndex=0 event=0 ip=2606:4700:a8::2
2026-05-30T16:46:57Z ERR failed to serve tunnel connection error="control stream encountered a failure while serving" connIndex=0 event=0 ip=2606:4700:a8::2
2026-05-30T16:46:57Z ERR Serve tunnel error error="control stream encountered a failure while serving" connIndex=0 event=0 ip=2606:4700:a8::2
2026-05-30T16:46:57Z INF Retrying connection in up to 1m4s connIndex=0 event=0 ip=2606:4700:a8::2
2026-05-30T16:47:08Z INF Tunnel connection curve preferences: [X25519MLKEM768 CurveID(65074) CurveP256] connIndex=0 event=0 ip=2606:4700:a8::2
2026-05-30T16:47:08Z ERR failed to run the datagram handler error="context canceled" connIndex=0 event=0 ip=2606:4700:a8::2
2026-05-30T16:47:08Z ERR failed to serve tunnel connection error="control stream encountered a failure while serving" connIndex=0 event=0 ip=2606:4700:a8::2
2026-05-30T16:47:08Z ERR Serve tunnel error error="control stream encountered a failure while serving" connIndex=0 event=0 ip=2606:4700:a8::2
2026-05-30T16:47:08Z INF Retrying connection in up to 1m4s connIndex=0 event=0 ip=2606:4700:a8::2
2026-05-30T16:47:09Z INF Tunnel connection curve preferences: [X25519MLKEM768 CurveID(65074) CurveP256] connIndex=0 event=0 ip=2606:4700:a8::2
2026-05-30T16:47:09Z ERR failed to run the datagram handler error="context canceled" connIndex=0 event=0 ip=2606:4700:a8::2
2026-05-30T16:47:09Z ERR failed to serve tunnel connection error="control stream encountered a failure while serving" connIndex=0 event=0 ip=2606:4700:a8::2
2026-05-30T16:47:09Z ERR Serve tunnel error error="control stream encountered a failure while serving" connIndex=0 event=0 ip=2606:4700:a8::2
2026-05-30T16:47:09Z INF Retrying connection in up to 1m4s connIndex=0 event=0 ip=2606:4700:a8::2
2026-05-30T16:47:14Z INF Tunnel connection curve preferences: [X25519MLKEM768 CurveID(65074) CurveP256] connIndex=0 event=0 ip=2606:4700:a8::2
2026-05-30T16:47:14Z ERR failed to run the datagram handler error="context canceled" connIndex=0 event=0 ip=2606:4700:a8::2
2026-05-30T16:47:14Z ERR failed to serve tunnel connection error="control stream encountered a failure while serving" connIndex=0 event=0 ip=2606:4700:a8::2
2026-05-30T16:47:14Z ERR Serve tunnel error error="control stream encountered a failure while serving" connIndex=0 event=0 ip=2606:4700:a8::2
2026-05-30T16:47:14Z INF Retrying connection in up to 1m4s connIndex=0 event=0 ip=2606:4700:a8::2
2026-05-30T16:47:39Z INF Tunnel connection curve preferences: [X25519MLKEM768 CurveID(65074) CurveP256] connIndex=0 event=0 ip=2606:4700:a8::2
2026-05-30T16:47:39Z ERR failed to run the datagram handler error="context canceled" connIndex=0 event=0 ip=2606:4700:a8::2
2026-05-30T16:47:39Z ERR failed to serve tunnel connection error="control stream encountered a failure while serving" connIndex=0 event=0 ip=2606:4700:a8::2
2026-05-30T16:47:39Z ERR Serve tunnel error error="control stream encountered a failure while serving" connIndex=0 event=0 ip=2606:4700:a8::2
2026-05-30T16:47:39Z INF Retrying connection in up to 1m4s connIndex=0 event=0 ip=2606:4700:a8::2
2026-05-30T16:47:44Z INF Tunnel connection curve preferences: [X25519MLKEM768 CurveID(65074) CurveP256] connIndex=0 event=0 ip=2606:4700:a8::2
2026-05-30T16:47:44Z ERR failed to run the datagram handler error="context canceled" connIndex=0 event=0 ip=2606:4700:a8::2
2026-05-30T16:47:44Z ERR failed to serve tunnel connection error="control stream encountered a failure while serving" connIndex=0 event=0 ip=2606:4700:a8::2
2026-05-30T16:47:44Z ERR Serve tunnel error error="control stream encountered a failure while serving" connIndex=0 event=0 ip=2606:4700:a8::2
2026-05-30T16:47:44Z INF Retrying connection in up to 1m4s connIndex=0 event=0 ip=2606:4700:a8::2
2026-05-30T16:48:11Z INF Tunnel connection curve preferences: [X25519MLKEM768 CurveID(65074) CurveP256] connIndex=0 event=0 ip=2606:4700:a8::2
2026-05-30T16:48:11Z ERR failed to run the datagram handler error="context canceled" connIndex=0 event=0 ip=2606:4700:a8::2
2026-05-30T16:48:11Z ERR failed to serve tunnel connection error="control stream encountered a failure while serving" connIndex=0 event=0 ip=2606:4700:a8::2
2026-05-30T16:48:11Z ERR Serve tunnel error error="control stream encountered a failure while serving" connIndex=0 event=0 ip=2606:4700:a8::2
2026-05-30T16:48:11Z INF Retrying connection in up to 1m4s connIndex=0 event=0 ip=2606:4700:a8::2
2026-05-30T16:48:13Z INF Tunnel connection curve preferences: [X25519MLKEM768 CurveID(65074) CurveP256] connIndex=0 event=0 ip=2606:4700:a8::2
2026-05-30T16:48:13Z ERR failed to run the datagram handler error="context canceled" connIndex=0 event=0 ip=2606:4700:a8::2
2026-05-30T16:48:13Z ERR failed to serve tunnel connection error="control stream encountered a failure while serving" connIndex=0 event=0 ip=2606:4700:a8::2
2026-05-30T16:48:13Z ERR Serve tunnel error error="control stream encountered a failure while serving" connIndex=0 event=0 ip=2606:4700:a8::2
2026-05-30T16:48:13Z INF Retrying connection in up to 1m4s connIndex=0 event=0 ip=2606:4700:a8::2
2026-05-30T16:48:36Z INF Tunnel connection curve preferences: [X25519MLKEM768 CurveID(65074) CurveP256] connIndex=0 event=0 ip=2606:4700:a8::2
2026-05-30T16:48:36Z ERR failed to run the datagram handler error="context canceled" connIndex=0 event=0 ip=2606:4700:a8::2
2026-05-30T16:48:36Z ERR failed to serve tunnel connection error="control stream encountered a failure while serving" connIndex=0 event=0 ip=2606:4700:a8::2
2026-05-30T16:48:36Z ERR Serve tunnel error error="control stream encountered a failure while serving" connIndex=0 event=0 ip=2606:4700:a8::2
2026-05-30T16:48:36Z INF Retrying connection in up to 1m4s connIndex=0 event=0 ip=2606:4700:a8::2
2026-05-30T16:48:48Z INF Tunnel connection curve preferences: [X25519MLKEM768 CurveID(65074) CurveP256] connIndex=0 event=0 ip=2606:4700:a8::2
2026-05-30T16:48:48Z ERR failed to run the datagram handler error="context canceled" connIndex=0 event=0 ip=2606:4700:a8::2
2026-05-30T16:48:48Z ERR failed to serve tunnel connection error="control stream encountered a failure while serving" connIndex=0 event=0 ip=2606:4700:a8::2
2026-05-30T16:48:48Z ERR Serve tunnel error error="control stream encountered a failure while serving" connIndex=0 event=0 ip=2606:4700:a8::2
2026-05-30T16:48:48Z INF Retrying connection in up to 1m4s connIndex=0 event=0 ip=2606:4700:a8::2
2026-05-30T16:49:14Z INF Tunnel connection curve preferences: [X25519MLKEM768 CurveID(65074) CurveP256] connIndex=0 event=0 ip=2606:4700:a8::2
2026-05-30T16:49:14Z ERR failed to run the datagram handler error="context canceled" connIndex=0 event=0 ip=2606:4700:a8::2
2026-05-30T16:49:14Z ERR failed to serve tunnel connection error="control stream encountered a failure while serving" connIndex=0 event=0 ip=2606:4700:a8::2
2026-05-30T16:49:14Z ERR Serve tunnel error error="control stream encountered a failure while serving" connIndex=0 event=0 ip=2606:4700:a8::2
2026-05-30T16:49:14Z INF Retrying connection in up to 1m4s connIndex=0 event=0 ip=2606:4700:a8::2
2026-05-30T16:49:36Z INF Tunnel connection curve preferences: [X25519MLKEM768 CurveID(65074) CurveP256] connIndex=0 event=0 ip=2606:4700:a8::2
2026-05-30T16:49:36Z ERR failed to run the datagram handler error="context canceled" connIndex=0 event=0 ip=2606:4700:a8::2
2026-05-30T16:49:36Z ERR failed to serve tunnel connection error="control stream encountered a failure while serving" connIndex=0 event=0 ip=2606:4700:a8::2
2026-05-30T16:49:36Z ERR Serve tunnel error error="control stream encountered a failure while serving" connIndex=0 event=0 ip=2606:4700:a8::2
2026-05-30T16:49:36Z INF Retrying connection in up to 1m4s connIndex=0 event=0 ip=2606:4700:a8::2
2026-05-30T16:49:49Z INF Tunnel connection curve preferences: [X25519MLKEM768 CurveID(65074) CurveP256] connIndex=0 event=0 ip=2606:4700:a8::2
2026-05-30T16:49:49Z ERR failed to run the datagram handler error="context canceled" connIndex=0 event=0 ip=2606:4700:a8::2
2026-05-30T16:49:49Z ERR failed to serve tunnel connection error="control stream encountered a failure while serving" connIndex=0 event=0 ip=2606:4700:a8::2
2026-05-30T16:49:49Z ERR Serve tunnel error error="control stream encountered a failure while serving" connIndex=0 event=0 ip=2606:4700:a8::2
2026-05-30T16:49:49Z INF Retrying connection in up to 1m4s connIndex=0 event=0 ip=2606:4700:a8::2
2026-05-30T16:50:15Z INF Tunnel connection curve preferences: [X25519MLKEM768 CurveID(65074) CurveP256] connIndex=0 event=0 ip=2606:4700:a8::2
2026-05-30T16:50:15Z ERR failed to run the datagram handler error="context canceled" connIndex=0 event=0 ip=2606:4700:a8::2
2026-05-30T16:50:15Z ERR failed to serve tunnel connection error="control stream encountered a failure while serving" connIndex=0 event=0 ip=2606:4700:a8::2
2026-05-30T16:50:15Z ERR Serve tunnel error error="control stream encountered a failure while serving" connIndex=0 event=0 ip=2606:4700:a8::2
2026-05-30T16:50:15Z INF Retrying connection in up to 1m4s connIndex=0 event=0 ip=2606:4700:a8::2
2026-05-30T16:50:45Z INF Tunnel connection curve preferences: [X25519MLKEM768 CurveID(65074) CurveP256] connIndex=0 event=0 ip=2606:4700:a8::2
2026-05-30T16:50:45Z ERR failed to run the datagram handler error="context canceled" connIndex=0 event=0 ip=2606:4700:a8::2
2026-05-30T16:50:45Z ERR failed to serve tunnel connection error="control stream encountered a failure while serving" connIndex=0 event=0 ip=2606:4700:a8::2
2026-05-30T16:50:45Z ERR Serve tunnel error error="control stream encountered a failure while serving" connIndex=0 event=0 ip=2606:4700:a8::2
2026-05-30T16:50:45Z INF Retrying connection in up to 1m4s connIndex=0 event=0 ip=2606:4700:a8::2
2026-05-30T16:51:13Z INF Tunnel connection curve preferences: [X25519MLKEM768 CurveID(65074) CurveP256] connIndex=0 event=0 ip=2606:4700:a8::2
2026-05-30T16:51:14Z ERR failed to run the datagram handler error="context canceled" connIndex=0 event=0 ip=2606:4700:a8::2
2026-05-30T16:51:14Z ERR failed to serve tunnel connection error="control stream encountered a failure while serving" connIndex=0 event=0 ip=2606:4700:a8::2
2026-05-30T16:51:14Z ERR Serve tunnel error error="control stream encountered a failure while serving" connIndex=0 event=0 ip=2606:4700:a8::2
2026-05-30T16:51:14Z INF Retrying connection in up to 1m4s connIndex=0 event=0 ip=2606:4700:a8::2
2026-05-30T16:51:39Z INF Tunnel connection curve preferences: [X25519MLKEM768 CurveID(65074) CurveP256] connIndex=0 event=0 ip=2606:4700:a8::2
2026-05-30T16:51:39Z ERR failed to run the datagram handler error="context canceled" connIndex=0 event=0 ip=2606:4700:a8::2
2026-05-30T16:51:39Z ERR failed to serve tunnel connection error="control stream encountered a failure while serving" connIndex=0 event=0 ip=2606:4700:a8::2
2026-05-30T16:51:39Z ERR Serve tunnel error error="control stream encountered a failure while serving" connIndex=0 event=0 ip=2606:4700:a8::2
2026-05-30T16:51:39Z INF Retrying connection in up to 1m4s connIndex=0 event=0 ip=2606:4700:a8::2
2026-05-30T16:51:53Z INF Tunnel connection curve preferences: [X25519MLKEM768 CurveID(65074) CurveP256] connIndex=0 event=0 ip=2606:4700:a8::2
2026-05-30T16:51:53Z ERR failed to run the datagram handler error="context canceled" connIndex=0 event=0 ip=2606:4700:a8::2
2026-05-30T16:51:53Z ERR failed to serve tunnel connection error="control stream encountered a failure while serving" connIndex=0 event=0 ip=2606:4700:a8::2
2026-05-30T16:51:53Z ERR Serve tunnel error error="control stream encountered a failure while serving" connIndex=0 event=0 ip=2606:4700:a8::2
2026-05-30T16:51:53Z INF Retrying connection in up to 1m4s connIndex=0 event=0 ip=2606:4700:a8::2
2026-05-30T16:52:03Z INF Tunnel connection curve preferences: [X25519MLKEM768 CurveID(65074) CurveP256] connIndex=0 event=0 ip=2606:4700:a8::2
2026-05-30T16:52:03Z ERR failed to run the datagram handler error="context canceled" connIndex=0 event=0 ip=2606:4700:a8::2
2026-05-30T16:52:03Z ERR failed to serve tunnel connection error="control stream encountered a failure while serving" connIndex=0 event=0 ip=2606:4700:a8::2
2026-05-30T16:52:03Z ERR Serve tunnel error error="control stream encountered a failure while serving" connIndex=0 event=0 ip=2606:4700:a8::2
2026-05-30T16:52:03Z INF Retrying connection in up to 1m4s connIndex=0 event=0 ip=2606:4700:a8::2
2026-05-30T16:52:26Z INF Tunnel connection curve preferences: [X25519MLKEM768 CurveID(65074) CurveP256] connIndex=0 event=0 ip=2606:4700:a8::2
2026-05-30T16:52:26Z ERR failed to run the datagram handler error="context canceled" connIndex=0 event=0 ip=2606:4700:a8::2
2026-05-30T16:52:26Z ERR failed to serve tunnel connection error="control stream encountered a failure while serving" connIndex=0 event=0 ip=2606:4700:a8::2
2026-05-30T16:52:26Z ERR Serve tunnel error error="control stream encountered a failure while serving" connIndex=0 event=0 ip=2606:4700:a8::2
2026-05-30T16:52:26Z INF Retrying connection in up to 1m4s connIndex=0 event=0 ip=2606:4700:a8::2
2026-05-30T16:52:36Z INF Tunnel connection curve preferences: [X25519MLKEM768 CurveID(65074) CurveP256] connIndex=0 event=0 ip=2606:4700:a8::2
2026-05-30T16:52:36Z ERR failed to run the datagram handler error="context canceled" connIndex=0 event=0 ip=2606:4700:a8::2
2026-05-30T16:52:36Z ERR failed to serve tunnel connection error="control stream encountered a failure while serving" connIndex=0 event=0 ip=2606:4700:a8::2
2026-05-30T16:52:36Z ERR Serve tunnel error error="control stream encountered a failure while serving" connIndex=0 event=0 ip=2606:4700:a8::2
2026-05-30T16:52:36Z INF Retrying connection in up to 1m4s connIndex=0 event=0 ip=2606:4700:a8::2
2026-05-30T16:52:48Z INF Tunnel connection curve preferences: [X25519MLKEM768 CurveID(65074) CurveP256] connIndex=0 event=0 ip=2606:4700:a8::2
2026-05-30T16:52:48Z ERR failed to run the datagram handler error="context canceled" connIndex=0 event=0 ip=2606:4700:a8::2
2026-05-30T16:52:48Z ERR failed to serve tunnel connection error="control stream encountered a failure while serving" connIndex=0 event=0 ip=2606:4700:a8::2
2026-05-30T16:52:48Z ERR Serve tunnel error error="control stream encountered a failure while serving" connIndex=0 event=0 ip=2606:4700:a8::2
2026-05-30T16:52:48Z INF Retrying connection in up to 1m4s connIndex=0 event=0 ip=2606:4700:a8::2
2026-05-30T16:53:01Z INF Tunnel connection curve preferences: [X25519MLKEM768 CurveID(65074) CurveP256] connIndex=0 event=0 ip=2606:4700:a8::2
2026-05-30T16:53:01Z ERR failed to run the datagram handler error="context canceled" connIndex=0 event=0 ip=2606:4700:a8::2
2026-05-30T16:53:01Z ERR failed to serve tunnel connection error="control stream encountered a failure while serving" connIndex=0 event=0 ip=2606:4700:a8::2
2026-05-30T16:53:01Z ERR Serve tunnel error error="control stream encountered a failure while serving" connIndex=0 event=0 ip=2606:4700:a8::2
2026-05-30T16:53:01Z INF Retrying connection in up to 1m4s connIndex=0 event=0 ip=2606:4700:a8::2
2026-05-30T16:53:13Z INF Tunnel connection curve preferences: [X25519MLKEM768 CurveID(65074) CurveP256] connIndex=0 event=0 ip=2606:4700:a8::2
2026-05-30T16:53:13Z ERR failed to run the datagram handler error="context canceled" connIndex=0 event=0 ip=2606:4700:a8::2
2026-05-30T16:53:13Z ERR failed to serve tunnel connection error="control stream encountered a failure while serving" connIndex=0 event=0 ip=2606:4700:a8::2
2026-05-30T16:53:13Z ERR Serve tunnel error error="control stream encountered a failure while serving" connIndex=0 event=0 ip=2606:4700:a8::2
2026-05-30T16:53:13Z INF Retrying connection in up to 1m4s connIndex=0 event=0 ip=2606:4700:a8::2
2026-05-30T16:53:29Z INF Tunnel connection curve preferences: [X25519MLKEM768 CurveID(65074) CurveP256] connIndex=0 event=0 ip=2606:4700:a8::2
2026-05-30T16:53:29Z ERR failed to run the datagram handler error="context canceled" connIndex=0 event=0 ip=2606:4700:a8::2
2026-05-30T16:53:29Z ERR failed to serve tunnel connection error="control stream encountered a failure while serving" connIndex=0 event=0 ip=2606:4700:a8::2
2026-05-30T16:53:29Z ERR Serve tunnel error error="control stream encountered a failure while serving" connIndex=0 event=0 ip=2606:4700:a8::2
2026-05-30T16:53:29Z INF Retrying connection in up to 1m4s connIndex=0 event=0 ip=2606:4700:a8::2
2026-05-30T16:53:58Z INF Tunnel connection curve preferences: [X25519MLKEM768 CurveID(65074) CurveP256] connIndex=0 event=0 ip=2606:4700:a8::2
2026-05-30T16:53:58Z ERR failed to run the datagram handler error="context canceled" connIndex=0 event=0 ip=2606:4700:a8::2
2026-05-30T16:53:58Z ERR failed to serve tunnel connection error="control stream encountered a failure while serving" connIndex=0 event=0 ip=2606:4700:a8::2
2026-05-30T16:53:58Z ERR Serve tunnel error error="control stream encountered a failure while serving" connIndex=0 event=0 ip=2606:4700:a8::2
2026-05-30T16:53:58Z INF Retrying connection in up to 1m4s connIndex=0 event=0 ip=2606:4700:a8::2
2026-05-30T16:54:11Z INF Tunnel connection curve preferences: [X25519MLKEM768 CurveID(65074) CurveP256] connIndex=0 event=0 ip=2606:4700:a8::2
2026-05-30T16:54:11Z ERR failed to run the datagram handler error="context canceled" connIndex=0 event=0 ip=2606:4700:a8::2
2026-05-30T16:54:11Z ERR failed to serve tunnel connection error="control stream encountered a failure while serving" connIndex=0 event=0 ip=2606:4700:a8::2
2026-05-30T16:54:11Z ERR Serve tunnel error error="control stream encountered a failure while serving" connIndex=0 event=0 ip=2606:4700:a8::2
2026-05-30T16:54:11Z INF Retrying connection in up to 1m4s connIndex=0 event=0 ip=2606:4700:a8::2
2026-05-30T16:54:25Z INF Tunnel connection curve preferences: [X25519MLKEM768 CurveID(65074) CurveP256] connIndex=0 event=0 ip=2606:4700:a8::2
2026-05-30T16:54:25Z ERR failed to run the datagram handler error="context canceled" connIndex=0 event=0 ip=2606:4700:a8::2
2026-05-30T16:54:25Z ERR failed to serve tunnel connection error="control stream encountered a failure while serving" connIndex=0 event=0 ip=2606:4700:a8::2
2026-05-30T16:54:25Z ERR Serve tunnel error error="control stream encountered a failure while serving" connIndex=0 event=0 ip=2606:4700:a8::2
2026-05-30T16:54:25Z INF Retrying connection in up to 1m4s connIndex=0 event=0 ip=2606:4700:a8::2
2026-05-30T16:54:39Z INF Tunnel connection curve preferences: [X25519MLKEM768 CurveID(65074) CurveP256] connIndex=0 event=0 ip=2606:4700:a8::2
2026-05-30T16:54:39Z ERR failed to run the datagram handler error="context canceled" connIndex=0 event=0 ip=2606:4700:a8::2
2026-05-30T16:54:39Z ERR failed to serve tunnel connection error="control stream encountered a failure while serving" connIndex=0 event=0 ip=2606:4700:a8::2
2026-05-30T16:54:39Z ERR Serve tunnel error error="control stream encountered a failure while serving" connIndex=0 event=0 ip=2606:4700:a8::2
2026-05-30T16:54:39Z INF Retrying connection in up to 1m4s connIndex=0 event=0 ip=2606:4700:a8::2
2026-05-30T16:54:46Z INF Tunnel connection curve preferences: [X25519MLKEM768 CurveID(65074) CurveP256] connIndex=0 event=0 ip=2606:4700:a8::2
2026-05-30T16:54:46Z ERR failed to run the datagram handler error="context canceled" connIndex=0 event=0 ip=2606:4700:a8::2
2026-05-30T16:54:46Z ERR failed to serve tunnel connection error="control stream encountered a failure while serving" connIndex=0 event=0 ip=2606:4700:a8::2
2026-05-30T16:54:46Z ERR Serve tunnel error error="control stream encountered a failure while serving" connIndex=0 event=0 ip=2606:4700:a8::2
2026-05-30T16:54:46Z INF Retrying connection in up to 1m4s connIndex=0 event=0 ip=2606:4700:a8::2
2026-05-30T16:55:10Z INF Tunnel connection curve preferences: [X25519MLKEM768 CurveID(65074) CurveP256] connIndex=0 event=0 ip=2606:4700:a8::2
2026-05-30T16:55:10Z ERR failed to run the datagram handler error="context canceled" connIndex=0 event=0 ip=2606:4700:a8::2
2026-05-30T16:55:10Z ERR failed to serve tunnel connection error="control stream encountered a failure while serving" connIndex=0 event=0 ip=2606:4700:a8::2
2026-05-30T16:55:10Z ERR Serve tunnel error error="control stream encountered a failure while serving" connIndex=0 event=0 ip=2606:4700:a8::2
2026-05-30T16:55:10Z INF Retrying connection in up to 1m4s connIndex=0 event=0 ip=2606:4700:a8::2
2026-05-30T16:55:33Z INF Tunnel connection curve preferences: [X25519MLKEM768 CurveID(65074) CurveP256] connIndex=0 event=0 ip=2606:4700:a8::2
2026-05-30T16:55:33Z ERR failed to run the datagram handler error="context canceled" connIndex=0 event=0 ip=2606:4700:a8::2
2026-05-30T16:55:33Z ERR failed to serve tunnel connection error="control stream encountered a failure while serving" connIndex=0 event=0 ip=2606:4700:a8::2
2026-05-30T16:55:33Z ERR Serve tunnel error error="control stream encountered a failure while serving" connIndex=0 event=0 ip=2606:4700:a8::2
2026-05-30T16:55:33Z INF Retrying connection in up to 1m4s connIndex=0 event=0 ip=2606:4700:a8::2
2026-05-30T16:56:04Z INF Tunnel connection curve preferences: [X25519MLKEM768 CurveID(65074) CurveP256] connIndex=0 event=0 ip=2606:4700:a8::2
2026-05-30T16:56:04Z ERR failed to run the datagram handler error="context canceled" connIndex=0 event=0 ip=2606:4700:a8::2
2026-05-30T16:56:04Z ERR failed to serve tunnel connection error="control stream encountered a failure while serving" connIndex=0 event=0 ip=2606:4700:a8::2
2026-05-30T16:56:04Z ERR Serve tunnel error error="control stream encountered a failure while serving" connIndex=0 event=0 ip=2606:4700:a8::2
2026-05-30T16:56:04Z INF Retrying connection in up to 1m4s connIndex=0 event=0 ip=2606:4700:a8::2
2026-05-30T16:56:07Z INF Tunnel connection curve preferences: [X25519MLKEM768 CurveID(65074) CurveP256] connIndex=0 event=0 ip=2606:4700:a8::2
2026-05-30T16:56:07Z ERR failed to run the datagram handler error="context canceled" connIndex=0 event=0 ip=2606:4700:a8::2
2026-05-30T16:56:07Z ERR failed to serve tunnel connection error="control stream encountered a failure while serving" connIndex=0 event=0 ip=2606:4700:a8::2
2026-05-30T16:56:07Z ERR Serve tunnel error error="control stream encountered a failure while serving" connIndex=0 event=0 ip=2606:4700:a8::2
2026-05-30T16:56:07Z INF Retrying connection in up to 1m4s connIndex=0 event=0 ip=2606:4700:a8::2
2026-05-30T16:56:31Z INF Tunnel connection curve preferences: [X25519MLKEM768 CurveID(65074) CurveP256] connIndex=0 event=0 ip=2606:4700:a8::2
2026-05-30T16:56:31Z ERR failed to run the datagram handler error="context canceled" connIndex=0 event=0 ip=2606:4700:a8::2
2026-05-30T16:56:31Z ERR failed to serve tunnel connection error="control stream encountered a failure while serving" connIndex=0 event=0 ip=2606:4700:a8::2
2026-05-30T16:56:31Z ERR Serve tunnel error error="control stream encountered a failure while serving" connIndex=0 event=0 ip=2606:4700:a8::2
2026-05-30T16:56:31Z INF Retrying connection in up to 1m4s connIndex=0 event=0 ip=2606:4700:a8::2
2026-05-30T16:56:59Z INF Tunnel connection curve preferences: [X25519MLKEM768 CurveID(65074) CurveP256] connIndex=0 event=0 ip=2606:4700:a8::2
2026-05-30T16:56:59Z ERR failed to run the datagram handler error="context canceled" connIndex=0 event=0 ip=2606:4700:a8::2
2026-05-30T16:56:59Z ERR failed to serve tunnel connection error="control stream encountered a failure while serving" connIndex=0 event=0 ip=2606:4700:a8::2
2026-05-30T16:56:59Z ERR Serve tunnel error error="control stream encountered a failure while serving" connIndex=0 event=0 ip=2606:4700:a8::2
2026-05-30T16:56:59Z INF Retrying connection in up to 1m4s connIndex=0 event=0 ip=2606:4700:a8::2
2026-05-30T16:57:02Z INF Tunnel connection curve preferences: [X25519MLKEM768 CurveID(65074) CurveP256] connIndex=0 event=0 ip=2606:4700:a8::2
2026-05-30T16:57:02Z ERR failed to run the datagram handler error="context canceled" connIndex=0 event=0 ip=2606:4700:a8::2
2026-05-30T16:57:02Z ERR failed to serve tunnel connection error="control stream encountered a failure while serving" connIndex=0 event=0 ip=2606:4700:a8::2
2026-05-30T16:57:02Z ERR Serve tunnel error error="control stream encountered a failure while serving" connIndex=0 event=0 ip=2606:4700:a8::2
2026-05-30T16:57:02Z INF Retrying connection in up to 1m4s connIndex=0 event=0 ip=2606:4700:a8::2
2026-05-30T16:57:28Z INF Tunnel connection curve preferences: [X25519MLKEM768 CurveID(65074) CurveP256] connIndex=0 event=0 ip=2606:4700:a8::2
2026-05-30T16:57:29Z ERR failed to run the datagram handler error="context canceled" connIndex=0 event=0 ip=2606:4700:a8::2
2026-05-30T16:57:29Z ERR failed to serve tunnel connection error="control stream encountered a failure while serving" connIndex=0 event=0 ip=2606:4700:a8::2
2026-05-30T16:57:29Z ERR Serve tunnel error error="control stream encountered a failure while serving" connIndex=0 event=0 ip=2606:4700:a8::2
2026-05-30T16:57:29Z INF Retrying connection in up to 1m4s connIndex=0 event=0 ip=2606:4700:a8::2
2026-05-30T16:57:40Z INF Tunnel connection curve preferences: [X25519MLKEM768 CurveID(65074) CurveP256] connIndex=0 event=0 ip=2606:4700:a8::2
2026-05-30T16:57:40Z ERR failed to run the datagram handler error="context canceled" connIndex=0 event=0 ip=2606:4700:a8::2
2026-05-30T16:57:40Z ERR failed to serve tunnel connection error="control stream encountered a failure while serving" connIndex=0 event=0 ip=2606:4700:a8::2
2026-05-30T16:57:40Z ERR Serve tunnel error error="control stream encountered a failure while serving" connIndex=0 event=0 ip=2606:4700:a8::2
2026-05-30T16:57:40Z INF Retrying connection in up to 1m4s connIndex=0 event=0 ip=2606:4700:a8::2
2026-05-30T16:57:43Z INF Tunnel connection curve preferences: [X25519MLKEM768 CurveID(65074) CurveP256] connIndex=0 event=0 ip=2606:4700:a8::2
2026-05-30T16:57:44Z ERR failed to run the datagram handler error="context canceled" connIndex=0 event=0 ip=2606:4700:a8::2
2026-05-30T16:57:44Z ERR failed to serve tunnel connection error="control stream encountered a failure while serving" connIndex=0 event=0 ip=2606:4700:a8::2
2026-05-30T16:57:44Z ERR Serve tunnel error error="control stream encountered a failure while serving" connIndex=0 event=0 ip=2606:4700:a8::2
2026-05-30T16:57:44Z INF Retrying connection in up to 1m4s connIndex=0 event=0 ip=2606:4700:a8::2
2026-05-30T16:57:59Z INF Tunnel connection curve preferences: [X25519MLKEM768 CurveID(65074) CurveP256] connIndex=0 event=0 ip=2606:4700:a8::2
2026-05-30T16:57:59Z ERR failed to run the datagram handler error="context canceled" connIndex=0 event=0 ip=2606:4700:a8::2
2026-05-30T16:57:59Z ERR failed to serve tunnel connection error="control stream encountered a failure while serving" connIndex=0 event=0 ip=2606:4700:a8::2
2026-05-30T16:57:59Z ERR Serve tunnel error error="control stream encountered a failure while serving" connIndex=0 event=0 ip=2606:4700:a8::2
2026-05-30T16:57:59Z INF Retrying connection in up to 1m4s connIndex=0 event=0 ip=2606:4700:a8::2
2026-05-30T16:58:18Z INF Tunnel connection curve preferences: [X25519MLKEM768 CurveID(65074) CurveP256] connIndex=0 event=0 ip=2606:4700:a8::2
2026-05-30T16:58:18Z ERR failed to run the datagram handler error="context canceled" connIndex=0 event=0 ip=2606:4700:a8::2
2026-05-30T16:58:18Z ERR failed to serve tunnel connection error="control stream encountered a failure while serving" connIndex=0 event=0 ip=2606:4700:a8::2
2026-05-30T16:58:18Z ERR Serve tunnel error error="control stream encountered a failure while serving" connIndex=0 event=0 ip=2606:4700:a8::2
2026-05-30T16:58:18Z INF Retrying connection in up to 1m4s connIndex=0 event=0 ip=2606:4700:a8::2
2026-05-30T16:58:18Z INF Tunnel connection curve preferences: [X25519MLKEM768 CurveID(65074) CurveP256] connIndex=0 event=0 ip=2606:4700:a8::2
2026-05-30T16:58:18Z ERR failed to run the datagram handler error="context canceled" connIndex=0 event=0 ip=2606:4700:a8::2
2026-05-30T16:58:18Z ERR failed to serve tunnel connection error="control stream encountered a failure while serving" connIndex=0 event=0 ip=2606:4700:a8::2
2026-05-30T16:58:18Z ERR Serve tunnel error error="control stream encountered a failure while serving" connIndex=0 event=0 ip=2606:4700:a8::2
2026-05-30T16:58:18Z INF Retrying connection in up to 1m4s connIndex=0 event=0 ip=2606:4700:a8::2
2026-05-30T16:58:22Z INF Tunnel connection curve preferences: [X25519MLKEM768 CurveID(65074) CurveP256] connIndex=0 event=0 ip=2606:4700:a8::2
2026-05-30T16:58:22Z ERR failed to run the datagram handler error="context canceled" connIndex=0 event=0 ip=2606:4700:a8::2
2026-05-30T16:58:22Z ERR failed to serve tunnel connection error="control stream encountered a failure while serving" connIndex=0 event=0 ip=2606:4700:a8::2
2026-05-30T16:58:22Z ERR Serve tunnel error error="control stream encountered a failure while serving" connIndex=0 event=0 ip=2606:4700:a8::2
2026-05-30T16:58:22Z INF Retrying connection in up to 1m4s connIndex=0 event=0 ip=2606:4700:a8::2
2026-05-30T16:58:39Z INF Tunnel connection curve preferences: [X25519MLKEM768 CurveID(65074) CurveP256] connIndex=0 event=0 ip=2606:4700:a8::2
2026-05-30T16:58:39Z ERR failed to run the datagram handler error="context canceled" connIndex=0 event=0 ip=2606:4700:a8::2
2026-05-30T16:58:39Z ERR failed to serve tunnel connection error="control stream encountered a failure while serving" connIndex=0 event=0 ip=2606:4700:a8::2
2026-05-30T16:58:39Z ERR Serve tunnel error error="control stream encountered a failure while serving" connIndex=0 event=0 ip=2606:4700:a8::2
2026-05-30T16:58:39Z INF Retrying connection in up to 1m4s connIndex=0 event=0 ip=2606:4700:a8::2
2026-05-30T16:59:11Z INF Tunnel connection curve preferences: [X25519MLKEM768 CurveID(65074) CurveP256] connIndex=0 event=0 ip=2606:4700:a8::2
2026-05-30T16:59:11Z ERR failed to run the datagram handler error="context canceled" connIndex=0 event=0 ip=2606:4700:a8::2
2026-05-30T16:59:11Z ERR failed to serve tunnel connection error="control stream encountered a failure while serving" connIndex=0 event=0 ip=2606:4700:a8::2
2026-05-30T16:59:11Z ERR Serve tunnel error error="control stream encountered a failure while serving" connIndex=0 event=0 ip=2606:4700:a8::2
2026-05-30T16:59:11Z INF Retrying connection in up to 1m4s connIndex=0 event=0 ip=2606:4700:a8::2
2026-05-30T16:59:36Z INF Tunnel connection curve preferences: [X25519MLKEM768 CurveID(65074) CurveP256] connIndex=0 event=0 ip=2606:4700:a8::2
2026-05-30T16:59:36Z ERR failed to run the datagram handler error="context canceled" connIndex=0 event=0 ip=2606:4700:a8::2
2026-05-30T16:59:36Z ERR failed to serve tunnel connection error="control stream encountered a failure while serving" connIndex=0 event=0 ip=2606:4700:a8::2
2026-05-30T16:59:36Z ERR Serve tunnel error error="control stream encountered a failure while serving" connIndex=0 event=0 ip=2606:4700:a8::2
2026-05-30T16:59:36Z INF Retrying connection in up to 1m4s connIndex=0 event=0 ip=2606:4700:a8::2
2026-05-30T16:59:53Z INF Tunnel connection curve preferences: [X25519MLKEM768 CurveID(65074) CurveP256] connIndex=0 event=0 ip=2606:4700:a8::2
2026-05-30T16:59:53Z ERR failed to run the datagram handler error="context canceled" connIndex=0 event=0 ip=2606:4700:a8::2
2026-05-30T16:59:53Z ERR failed to serve tunnel connection error="control stream encountered a failure while serving" connIndex=0 event=0 ip=2606:4700:a8::2
2026-05-30T16:59:53Z ERR Serve tunnel error error="control stream encountered a failure while serving" connIndex=0 event=0 ip=2606:4700:a8::2
2026-05-30T16:59:53Z INF Retrying connection in up to 1m4s connIndex=0 event=0 ip=2606:4700:a8::2
2026-05-30T17:00:24Z INF Tunnel connection curve preferences: [X25519MLKEM768 CurveID(65074) CurveP256] connIndex=0 event=0 ip=2606:4700:a8::2
2026-05-30T17:00:24Z ERR failed to run the datagram handler error="context canceled" connIndex=0 event=0 ip=2606:4700:a8::2
2026-05-30T17:00:24Z ERR failed to serve tunnel connection error="control stream encountered a failure while serving" connIndex=0 event=0 ip=2606:4700:a8::2
2026-05-30T17:00:24Z ERR Serve tunnel error error="control stream encountered a failure while serving" connIndex=0 event=0 ip=2606:4700:a8::2
2026-05-30T17:00:24Z INF Retrying connection in up to 1m4s connIndex=0 event=0 ip=2606:4700:a8::2
2026-05-30T17:00:34Z INF Tunnel connection curve preferences: [X25519MLKEM768 CurveID(65074) CurveP256] connIndex=0 event=0 ip=2606:4700:a8::2
2026-05-30T17:00:34Z ERR failed to run the datagram handler error="context canceled" connIndex=0 event=0 ip=2606:4700:a8::2
2026-05-30T17:00:34Z ERR failed to serve tunnel connection error="control stream encountered a failure while serving" connIndex=0 event=0 ip=2606:4700:a8::2
2026-05-30T17:00:34Z ERR Serve tunnel error error="control stream encountered a failure while serving" connIndex=0 event=0 ip=2606:4700:a8::2
2026-05-30T17:00:34Z INF Retrying connection in up to 1m4s connIndex=0 event=0 ip=2606:4700:a8::2
2026-05-30T17:00:56Z INF Tunnel connection curve preferences: [X25519MLKEM768 CurveID(65074) CurveP256] connIndex=0 event=0 ip=2606:4700:a8::2
2026-05-30T17:00:56Z ERR failed to run the datagram handler error="context canceled" connIndex=0 event=0 ip=2606:4700:a8::2
2026-05-30T17:00:56Z ERR failed to serve tunnel connection error="control stream encountered a failure while serving" connIndex=0 event=0 ip=2606:4700:a8::2
2026-05-30T17:00:56Z ERR Serve tunnel error error="control stream encountered a failure while serving" connIndex=0 event=0 ip=2606:4700:a8::2
2026-05-30T17:00:56Z INF Retrying connection in up to 1m4s connIndex=0 event=0 ip=2606:4700:a8::2
2026-05-30T17:01:08Z INF Tunnel connection curve preferences: [X25519MLKEM768 CurveID(65074) CurveP256] connIndex=0 event=0 ip=2606:4700:a8::2
2026-05-30T17:01:08Z ERR failed to run the datagram handler error="context canceled" connIndex=0 event=0 ip=2606:4700:a8::2
2026-05-30T17:01:08Z ERR failed to serve tunnel connection error="control stream encountered a failure while serving" connIndex=0 event=0 ip=2606:4700:a8::2
2026-05-30T17:01:08Z ERR Serve tunnel error error="control stream encountered a failure while serving" connIndex=0 event=0 ip=2606:4700:a8::2
2026-05-30T17:01:08Z INF Retrying connection in up to 1m4s connIndex=0 event=0 ip=2606:4700:a8::2
2026-05-30T17:01:25Z INF Tunnel connection curve preferences: [X25519MLKEM768 CurveID(65074) CurveP256] connIndex=0 event=0 ip=2606:4700:a8::2
2026-05-30T17:01:25Z ERR failed to run the datagram handler error="context canceled" connIndex=0 event=0 ip=2606:4700:a8::2
2026-05-30T17:01:25Z ERR failed to serve tunnel connection error="control stream encountered a failure while serving" connIndex=0 event=0 ip=2606:4700:a8::2
2026-05-30T17:01:25Z ERR Serve tunnel error error="control stream encountered a failure while serving" connIndex=0 event=0 ip=2606:4700:a8::2
2026-05-30T17:01:25Z INF Retrying connection in up to 1m4s connIndex=0 event=0 ip=2606:4700:a8::2
2026-05-30T17:01:49Z INF Tunnel connection curve preferences: [X25519MLKEM768 CurveID(65074) CurveP256] connIndex=0 event=0 ip=2606:4700:a8::2
2026-05-30T17:01:49Z ERR failed to run the datagram handler error="context canceled" connIndex=0 event=0 ip=2606:4700:a8::2
2026-05-30T17:01:49Z ERR failed to serve tunnel connection error="control stream encountered a failure while serving" connIndex=0 event=0 ip=2606:4700:a8::2
2026-05-30T17:01:49Z ERR Serve tunnel error error="control stream encountered a failure while serving" connIndex=0 event=0 ip=2606:4700:a8::2
2026-05-30T17:01:49Z INF Retrying connection in up to 1m4s connIndex=0 event=0 ip=2606:4700:a8::2
2026-05-30T17:02:07Z INF Tunnel connection curve preferences: [X25519MLKEM768 CurveID(65074) CurveP256] connIndex=0 event=0 ip=2606:4700:a8::2
2026-05-30T17:02:07Z ERR failed to run the datagram handler error="context canceled" connIndex=0 event=0 ip=2606:4700:a8::2
2026-05-30T17:02:07Z ERR failed to serve tunnel connection error="control stream encountered a failure while serving" connIndex=0 event=0 ip=2606:4700:a8::2
2026-05-30T17:02:07Z ERR Serve tunnel error error="control stream encountered a failure while serving" connIndex=0 event=0 ip=2606:4700:a8::2
2026-05-30T17:02:07Z INF Retrying connection in up to 1m4s connIndex=0 event=0 ip=2606:4700:a8::2
2026-05-30T17:02:35Z INF Tunnel connection curve preferences: [X25519MLKEM768 CurveID(65074) CurveP256] connIndex=0 event=0 ip=2606:4700:a8::2
2026-05-30T17:02:35Z ERR failed to run the datagram handler error="context canceled" connIndex=0 event=0 ip=2606:4700:a8::2
2026-05-30T17:02:35Z ERR failed to serve tunnel connection error="control stream encountered a failure while serving" connIndex=0 event=0 ip=2606:4700:a8::2
2026-05-30T17:02:35Z ERR Serve tunnel error error="control stream encountered a failure while serving" connIndex=0 event=0 ip=2606:4700:a8::2
2026-05-30T17:02:35Z INF Retrying connection in up to 1m4s connIndex=0 event=0 ip=2606:4700:a8::2
2026-05-30T17:02:54Z INF Tunnel connection curve preferences: [X25519MLKEM768 CurveID(65074) CurveP256] connIndex=0 event=0 ip=2606:4700:a8::2
2026-05-30T17:02:54Z ERR failed to run the datagram handler error="context canceled" connIndex=0 event=0 ip=2606:4700:a8::2
2026-05-30T17:02:54Z ERR failed to serve tunnel connection error="control stream encountered a failure while serving" connIndex=0 event=0 ip=2606:4700:a8::2
2026-05-30T17:02:54Z ERR Serve tunnel error error="control stream encountered a failure while serving" connIndex=0 event=0 ip=2606:4700:a8::2
2026-05-30T17:02:54Z INF Retrying connection in up to 1m4s connIndex=0 event=0 ip=2606:4700:a8::2
2026-05-30T17:03:16Z INF Tunnel connection curve preferences: [X25519MLKEM768 CurveID(65074) CurveP256] connIndex=0 event=0 ip=2606:4700:a8::2
2026-05-30T17:03:16Z ERR failed to run the datagram handler error="context canceled" connIndex=0 event=0 ip=2606:4700:a8::2
2026-05-30T17:03:16Z ERR failed to serve tunnel connection error="control stream encountered a failure while serving" connIndex=0 event=0 ip=2606:4700:a8::2
2026-05-30T17:03:16Z ERR Serve tunnel error error="control stream encountered a failure while serving" connIndex=0 event=0 ip=2606:4700:a8::2
2026-05-30T17:03:16Z INF Retrying connection in up to 1m4s connIndex=0 event=0 ip=2606:4700:a8::2
2026-05-30T17:03:27Z INF Tunnel connection curve preferences: [X25519MLKEM768 CurveID(65074) CurveP256] connIndex=0 event=0 ip=2606:4700:a8::2
2026-05-30T17:03:27Z ERR failed to run the datagram handler error="context canceled" connIndex=0 event=0 ip=2606:4700:a8::2
2026-05-30T17:03:27Z ERR failed to serve tunnel connection error="control stream encountered a failure while serving" connIndex=0 event=0 ip=2606:4700:a8::2
2026-05-30T17:03:27Z ERR Serve tunnel error error="control stream encountered a failure while serving" connIndex=0 event=0 ip=2606:4700:a8::2
2026-05-30T17:03:27Z INF Retrying connection in up to 1m4s connIndex=0 event=0 ip=2606:4700:a8::2
2026-05-30T17:03:28Z INF Tunnel connection curve preferences: [X25519MLKEM768 CurveID(65074) CurveP256] connIndex=0 event=0 ip=2606:4700:a8::2
2026-05-30T17:03:28Z ERR failed to run the datagram handler error="context canceled" connIndex=0 event=0 ip=2606:4700:a8::2
2026-05-30T17:03:28Z ERR failed to serve tunnel connection error="control stream encountered a failure while serving" connIndex=0 event=0 ip=2606:4700:a8::2
2026-05-30T17:03:28Z ERR Serve tunnel error error="control stream encountered a failure while serving" connIndex=0 event=0 ip=2606:4700:a8::2
2026-05-30T17:03:28Z INF Retrying connection in up to 1m4s connIndex=0 event=0 ip=2606:4700:a8::2
2026-05-30T17:03:31Z INF Tunnel connection curve preferences: [X25519MLKEM768 CurveID(65074) CurveP256] connIndex=0 event=0 ip=2606:4700:a8::2
2026-05-30T17:03:31Z ERR failed to run the datagram handler error="context canceled" connIndex=0 event=0 ip=2606:4700:a8::2
2026-05-30T17:03:31Z ERR failed to serve tunnel connection error="control stream encountered a failure while serving" connIndex=0 event=0 ip=2606:4700:a8::2
2026-05-30T17:03:31Z ERR Serve tunnel error error="control stream encountered a failure while serving" connIndex=0 event=0 ip=2606:4700:a8::2
2026-05-30T17:03:31Z INF Retrying connection in up to 1m4s connIndex=0 event=0 ip=2606:4700:a8::2
2026-05-30T17:03:39Z INF Tunnel connection curve preferences: [X25519MLKEM768 CurveID(65074) CurveP256] connIndex=0 event=0 ip=2606:4700:a8::2
2026-05-30T17:03:39Z ERR failed to run the datagram handler error="context canceled" connIndex=0 event=0 ip=2606:4700:a8::2
2026-05-30T17:03:39Z ERR failed to serve tunnel connection error="control stream encountered a failure while serving" connIndex=0 event=0 ip=2606:4700:a8::2
2026-05-30T17:03:39Z ERR Serve tunnel error error="control stream encountered a failure while serving" connIndex=0 event=0 ip=2606:4700:a8::2
2026-05-30T17:03:39Z INF Retrying connection in up to 1m4s connIndex=0 event=0 ip=2606:4700:a8::2
2026-05-30T17:03:55Z INF Tunnel connection curve preferences: [X25519MLKEM768 CurveID(65074) CurveP256] connIndex=0 event=0 ip=2606:4700:a8::2
2026-05-30T17:03:55Z ERR failed to run the datagram handler error="context canceled" connIndex=0 event=0 ip=2606:4700:a8::2
2026-05-30T17:03:55Z ERR failed to serve tunnel connection error="control stream encountered a failure while serving" connIndex=0 event=0 ip=2606:4700:a8::2
2026-05-30T17:03:55Z ERR Serve tunnel error error="control stream encountered a failure while serving" connIndex=0 event=0 ip=2606:4700:a8::2
2026-05-30T17:03:55Z INF Retrying connection in up to 1m4s connIndex=0 event=0 ip=2606:4700:a8::2
2026-05-30T17:04:09Z INF Tunnel connection curve preferences: [X25519MLKEM768 CurveID(65074) CurveP256] connIndex=0 event=0 ip=2606:4700:a8::2
2026-05-30T17:04:09Z ERR failed to run the datagram handler error="context canceled" connIndex=0 event=0 ip=2606:4700:a8::2
2026-05-30T17:04:09Z ERR failed to serve tunnel connection error="control stream encountered a failure while serving" connIndex=0 event=0 ip=2606:4700:a8::2
2026-05-30T17:04:09Z ERR Serve tunnel error error="control stream encountered a failure while serving" connIndex=0 event=0 ip=2606:4700:a8::2
2026-05-30T17:04:09Z INF Retrying connection in up to 1m4s connIndex=0 event=0 ip=2606:4700:a8::2
2026-05-30T17:04:29Z INF Tunnel connection curve preferences: [X25519MLKEM768 CurveID(65074) CurveP256] connIndex=0 event=0 ip=2606:4700:a8::2
2026-05-30T17:04:29Z ERR failed to run the datagram handler error="context canceled" connIndex=0 event=0 ip=2606:4700:a8::2
2026-05-30T17:04:29Z ERR failed to serve tunnel connection error="control stream encountered a failure while serving" connIndex=0 event=0 ip=2606:4700:a8::2
2026-05-30T17:04:29Z ERR Serve tunnel error error="control stream encountered a failure while serving" connIndex=0 event=0 ip=2606:4700:a8::2
2026-05-30T17:04:29Z INF Retrying connection in up to 1m4s connIndex=0 event=0 ip=2606:4700:a8::2
2026-05-30T17:04:34Z INF Tunnel connection curve preferences: [X25519MLKEM768 CurveID(65074) CurveP256] connIndex=0 event=0 ip=2606:4700:a8::2
2026-05-30T17:04:34Z ERR failed to run the datagram handler error="context canceled" connIndex=0 event=0 ip=2606:4700:a8::2
2026-05-30T17:04:34Z ERR failed to serve tunnel connection error="control stream encountered a failure while serving" connIndex=0 event=0 ip=2606:4700:a8::2
2026-05-30T17:04:34Z ERR Serve tunnel error error="control stream encountered a failure while serving" connIndex=0 event=0 ip=2606:4700:a8::2
2026-05-30T17:04:34Z INF Retrying connection in up to 1m4s connIndex=0 event=0 ip=2606:4700:a8::2
2026-05-30T17:04:58Z INF Tunnel connection curve preferences: [X25519MLKEM768 CurveID(65074) CurveP256] connIndex=0 event=0 ip=2606:4700:a8::2
2026-05-30T17:04:58Z ERR failed to run the datagram handler error="context canceled" connIndex=0 event=0 ip=2606:4700:a8::2
2026-05-30T17:04:58Z ERR failed to serve tunnel connection error="control stream encountered a failure while serving" connIndex=0 event=0 ip=2606:4700:a8::2
2026-05-30T17:04:58Z ERR Serve tunnel error error="control stream encountered a failure while serving" connIndex=0 event=0 ip=2606:4700:a8::2
2026-05-30T17:04:58Z INF Retrying connection in up to 1m4s connIndex=0 event=0 ip=2606:4700:a8::2
2026-05-30T17:05:23Z INF Tunnel connection curve preferences: [X25519MLKEM768 CurveID(65074) CurveP256] connIndex=0 event=0 ip=2606:4700:a8::2
2026-05-30T17:05:23Z ERR failed to run the datagram handler error="context canceled" connIndex=0 event=0 ip=2606:4700:a8::2
2026-05-30T17:05:23Z ERR failed to serve tunnel connection error="control stream encountered a failure while serving" connIndex=0 event=0 ip=2606:4700:a8::2
2026-05-30T17:05:23Z ERR Serve tunnel error error="control stream encountered a failure while serving" connIndex=0 event=0 ip=2606:4700:a8::2
2026-05-30T17:05:23Z INF Retrying connection in up to 1m4s connIndex=0 event=0 ip=2606:4700:a8::2
2026-05-30T17:05:44Z INF Tunnel connection curve preferences: [X25519MLKEM768 CurveID(65074) CurveP256] connIndex=0 event=0 ip=2606:4700:a8::2
2026-05-30T17:05:45Z ERR failed to run the datagram handler error="context canceled" connIndex=0 event=0 ip=2606:4700:a8::2
2026-05-30T17:05:45Z ERR failed to serve tunnel connection error="control stream encountered a failure while serving" connIndex=0 event=0 ip=2606:4700:a8::2
2026-05-30T17:05:45Z ERR Serve tunnel error error="control stream encountered a failure while serving" connIndex=0 event=0 ip=2606:4700:a8::2
2026-05-30T17:05:45Z INF Retrying connection in up to 1m4s connIndex=0 event=0 ip=2606:4700:a8::2
2026-05-30T17:05:47Z INF Tunnel connection curve preferences: [X25519MLKEM768 CurveID(65074) CurveP256] connIndex=0 event=0 ip=2606:4700:a8::2
2026-05-30T17:05:47Z ERR failed to run the datagram handler error="context canceled" connIndex=0 event=0 ip=2606:4700:a8::2
2026-05-30T17:05:47Z ERR failed to serve tunnel connection error="control stream encountered a failure while serving" connIndex=0 event=0 ip=2606:4700:a8::2
2026-05-30T17:05:47Z ERR Serve tunnel error error="control stream encountered a failure while serving" connIndex=0 event=0 ip=2606:4700:a8::2
2026-05-30T17:05:47Z INF Retrying connection in up to 1m4s connIndex=0 event=0 ip=2606:4700:a8::2
2026-05-30T17:06:00Z INF Tunnel connection curve preferences: [X25519MLKEM768 CurveID(65074) CurveP256] connIndex=0 event=0 ip=2606:4700:a8::2
2026-05-30T17:06:01Z ERR failed to run the datagram handler error="context canceled" connIndex=0 event=0 ip=2606:4700:a8::2
2026-05-30T17:06:01Z ERR failed to serve tunnel connection error="control stream encountered a failure while serving" connIndex=0 event=0 ip=2606:4700:a8::2
2026-05-30T17:06:01Z ERR Serve tunnel error error="control stream encountered a failure while serving" connIndex=0 event=0 ip=2606:4700:a8::2
2026-05-30T17:06:01Z INF Retrying connection in up to 1m4s connIndex=0 event=0 ip=2606:4700:a8::2
2026-05-30T17:06:13Z INF Tunnel connection curve preferences: [X25519MLKEM768 CurveID(65074) CurveP256] connIndex=0 event=0 ip=2606:4700:a8::2
2026-05-30T17:06:13Z ERR failed to run the datagram handler error="context canceled" connIndex=0 event=0 ip=2606:4700:a8::2
2026-05-30T17:06:13Z ERR failed to serve tunnel connection error="control stream encountered a failure while serving" connIndex=0 event=0 ip=2606:4700:a8::2
2026-05-30T17:06:13Z ERR Serve tunnel error error="control stream encountered a failure while serving" connIndex=0 event=0 ip=2606:4700:a8::2
2026-05-30T17:06:13Z INF Retrying connection in up to 1m4s connIndex=0 event=0 ip=2606:4700:a8::2
2026-05-30T17:06:37Z INF Tunnel connection curve preferences: [X25519MLKEM768 CurveID(65074) CurveP256] connIndex=0 event=0 ip=2606:4700:a8::2
2026-05-30T17:06:37Z ERR failed to run the datagram handler error="context canceled" connIndex=0 event=0 ip=2606:4700:a8::2
2026-05-30T17:06:37Z ERR failed to serve tunnel connection error="control stream encountered a failure while serving" connIndex=0 event=0 ip=2606:4700:a8::2
2026-05-30T17:06:37Z ERR Serve tunnel error error="control stream encountered a failure while serving" connIndex=0 event=0 ip=2606:4700:a8::2
2026-05-30T17:06:37Z INF Retrying connection in up to 1m4s connIndex=0 event=0 ip=2606:4700:a8::2
2026-05-30T17:06:38Z INF Tunnel connection curve preferences: [X25519MLKEM768 CurveID(65074) CurveP256] connIndex=0 event=0 ip=2606:4700:a8::2
2026-05-30T17:06:38Z ERR failed to run the datagram handler error="context canceled" connIndex=0 event=0 ip=2606:4700:a8::2
2026-05-30T17:06:38Z ERR failed to serve tunnel connection error="control stream encountered a failure while serving" connIndex=0 event=0 ip=2606:4700:a8::2
2026-05-30T17:06:38Z ERR Serve tunnel error error="control stream encountered a failure while serving" connIndex=0 event=0 ip=2606:4700:a8::2
2026-05-30T17:06:38Z INF Retrying connection in up to 1m4s connIndex=0 event=0 ip=2606:4700:a8::2
2026-05-30T17:06:39Z INF Tunnel connection curve preferences: [X25519MLKEM768 CurveID(65074) CurveP256] connIndex=0 event=0 ip=2606:4700:a8::2
2026-05-30T17:06:39Z ERR failed to run the datagram handler error="context canceled" connIndex=0 event=0 ip=2606:4700:a8::2
2026-05-30T17:06:39Z ERR failed to serve tunnel connection error="control stream encountered a failure while serving" connIndex=0 event=0 ip=2606:4700:a8::2
2026-05-30T17:06:39Z ERR Serve tunnel error error="control stream encountered a failure while serving" connIndex=0 event=0 ip=2606:4700:a8::2
2026-05-30T17:06:39Z INF Retrying connection in up to 1m4s connIndex=0 event=0 ip=2606:4700:a8::2
2026-05-30T17:06:42Z INF Tunnel connection curve preferences: [X25519MLKEM768 CurveID(65074) CurveP256] connIndex=0 event=0 ip=2606:4700:a8::2
2026-05-30T17:06:42Z ERR failed to run the datagram handler error="context canceled" connIndex=0 event=0 ip=2606:4700:a8::2
2026-05-30T17:06:42Z ERR failed to serve tunnel connection error="control stream encountered a failure while serving" connIndex=0 event=0 ip=2606:4700:a8::2
2026-05-30T17:06:42Z ERR Serve tunnel error error="control stream encountered a failure while serving" connIndex=0 event=0 ip=2606:4700:a8::2
2026-05-30T17:06:42Z INF Retrying connection in up to 1m4s connIndex=0 event=0 ip=2606:4700:a8::2
2026-05-30T17:06:46Z INF Tunnel connection curve preferences: [X25519MLKEM768 CurveID(65074) CurveP256] connIndex=0 event=0 ip=2606:4700:a8::2
2026-05-30T17:06:46Z ERR failed to run the datagram handler error="context canceled" connIndex=0 event=0 ip=2606:4700:a8::2
2026-05-30T17:06:46Z ERR failed to serve tunnel connection error="control stream encountered a failure while serving" connIndex=0 event=0 ip=2606:4700:a8::2
2026-05-30T17:06:46Z ERR Serve tunnel error error="control stream encountered a failure while serving" connIndex=0 event=0 ip=2606:4700:a8::2
2026-05-30T17:06:46Z INF Retrying connection in up to 1m4s connIndex=0 event=0 ip=2606:4700:a8::2
2026-05-30T17:06:57Z INF Tunnel connection curve preferences: [X25519MLKEM768 CurveID(65074) CurveP256] connIndex=0 event=0 ip=2606:4700:a8::2
2026-05-30T17:06:57Z ERR failed to run the datagram handler error="context canceled" connIndex=0 event=0 ip=2606:4700:a8::2
2026-05-30T17:06:57Z ERR failed to serve tunnel connection error="control stream encountered a failure while serving" connIndex=0 event=0 ip=2606:4700:a8::2
2026-05-30T17:06:57Z ERR Serve tunnel error error="control stream encountered a failure while serving" connIndex=0 event=0 ip=2606:4700:a8::2
2026-05-30T17:06:57Z INF Retrying connection in up to 1m4s connIndex=0 event=0 ip=2606:4700:a8::2
2026-05-30T17:07:11Z INF Tunnel connection curve preferences: [X25519MLKEM768 CurveID(65074) CurveP256] connIndex=0 event=0 ip=2606:4700:a8::2
2026-05-30T17:07:11Z ERR failed to run the datagram handler error="context canceled" connIndex=0 event=0 ip=2606:4700:a8::2
2026-05-30T17:07:11Z ERR failed to serve tunnel connection error="control stream encountered a failure while serving" connIndex=0 event=0 ip=2606:4700:a8::2
2026-05-30T17:07:11Z ERR Serve tunnel error error="control stream encountered a failure while serving" connIndex=0 event=0 ip=2606:4700:a8::2
2026-05-30T17:07:11Z INF Retrying connection in up to 1m4s connIndex=0 event=0 ip=2606:4700:a8::2
2026-05-30T17:07:22Z INF Tunnel connection curve preferences: [X25519MLKEM768 CurveID(65074) CurveP256] connIndex=0 event=0 ip=2606:4700:a8::2
2026-05-30T17:07:22Z ERR failed to run the datagram handler error="context canceled" connIndex=0 event=0 ip=2606:4700:a8::2
2026-05-30T17:07:22Z ERR failed to serve tunnel connection error="control stream encountered a failure while serving" connIndex=0 event=0 ip=2606:4700:a8::2
2026-05-30T17:07:22Z ERR Serve tunnel error error="control stream encountered a failure while serving" connIndex=0 event=0 ip=2606:4700:a8::2
2026-05-30T17:07:22Z INF Retrying connection in up to 1m4s connIndex=0 event=0 ip=2606:4700:a8::2
2026-05-30T17:07:26Z INF Tunnel connection curve preferences: [X25519MLKEM768 CurveID(65074) CurveP256] connIndex=0 event=0 ip=2606:4700:a8::2
2026-05-30T17:07:26Z ERR failed to run the datagram handler error="context canceled" connIndex=0 event=0 ip=2606:4700:a8::2
2026-05-30T17:07:26Z ERR failed to serve tunnel connection error="control stream encountered a failure while serving" connIndex=0 event=0 ip=2606:4700:a8::2
2026-05-30T17:07:26Z ERR Serve tunnel error error="control stream encountered a failure while serving" connIndex=0 event=0 ip=2606:4700:a8::2
2026-05-30T17:07:26Z INF Retrying connection in up to 1m4s connIndex=0 event=0 ip=2606:4700:a8::2
2026-05-30T17:07:27Z INF Tunnel connection curve preferences: [X25519MLKEM768 CurveID(65074) CurveP256] connIndex=0 event=0 ip=2606:4700:a8::2
2026-05-30T17:07:27Z ERR failed to run the datagram handler error="context canceled" connIndex=0 event=0 ip=2606:4700:a8::2
2026-05-30T17:07:27Z ERR failed to serve tunnel connection error="control stream encountered a failure while serving" connIndex=0 event=0 ip=2606:4700:a8::2
2026-05-30T17:07:27Z ERR Serve tunnel error error="control stream encountered a failure while serving" connIndex=0 event=0 ip=2606:4700:a8::2
2026-05-30T17:07:27Z INF Retrying connection in up to 1m4s connIndex=0 event=0 ip=2606:4700:a8::2
2026-05-30T17:07:55Z INF Tunnel connection curve preferences: [X25519MLKEM768 CurveID(65074) CurveP256] connIndex=0 event=0 ip=2606:4700:a8::2
2026-05-30T17:07:55Z ERR failed to run the datagram handler error="context canceled" connIndex=0 event=0 ip=2606:4700:a8::2
2026-05-30T17:07:55Z ERR failed to serve tunnel connection error="control stream encountered a failure while serving" connIndex=0 event=0 ip=2606:4700:a8::2
2026-05-30T17:07:55Z ERR Serve tunnel error error="control stream encountered a failure while serving" connIndex=0 event=0 ip=2606:4700:a8::2
2026-05-30T17:07:55Z INF Retrying connection in up to 1m4s connIndex=0 event=0 ip=2606:4700:a8::2
2026-05-30T17:08:08Z INF Tunnel connection curve preferences: [X25519MLKEM768 CurveID(65074) CurveP256] connIndex=0 event=0 ip=2606:4700:a8::2
2026-05-30T17:08:08Z ERR failed to run the datagram handler error="context canceled" connIndex=0 event=0 ip=2606:4700:a8::2
2026-05-30T17:08:08Z ERR failed to serve tunnel connection error="control stream encountered a failure while serving" connIndex=0 event=0 ip=2606:4700:a8::2
2026-05-30T17:08:08Z ERR Serve tunnel error error="control stream encountered a failure while serving" connIndex=0 event=0 ip=2606:4700:a8::2
2026-05-30T17:08:08Z INF Retrying connection in up to 1m4s connIndex=0 event=0 ip=2606:4700:a8::2
2026-05-30T17:08:26Z INF Tunnel connection curve preferences: [X25519MLKEM768 CurveID(65074) CurveP256] connIndex=0 event=0 ip=2606:4700:a8::2
2026-05-30T17:08:26Z ERR failed to run the datagram handler error="context canceled" connIndex=0 event=0 ip=2606:4700:a8::2
2026-05-30T17:08:26Z ERR failed to serve tunnel connection error="control stream encountered a failure while serving" connIndex=0 event=0 ip=2606:4700:a8::2
2026-05-30T17:08:26Z ERR Serve tunnel error error="control stream encountered a failure while serving" connIndex=0 event=0 ip=2606:4700:a8::2
2026-05-30T17:08:26Z INF Retrying connection in up to 1m4s connIndex=0 event=0 ip=2606:4700:a8::2
2026-05-30T17:08:35Z INF Tunnel connection curve preferences: [X25519MLKEM768 CurveID(65074) CurveP256] connIndex=0 event=0 ip=2606:4700:a8::2
2026-05-30T17:08:35Z ERR failed to run the datagram handler error="context canceled" connIndex=0 event=0 ip=2606:4700:a8::2
2026-05-30T17:08:35Z ERR failed to serve tunnel connection error="control stream encountered a failure while serving" connIndex=0 event=0 ip=2606:4700:a8::2
2026-05-30T17:08:35Z ERR Serve tunnel error error="control stream encountered a failure while serving" connIndex=0 event=0 ip=2606:4700:a8::2
2026-05-30T17:08:35Z INF Retrying connection in up to 1m4s connIndex=0 event=0 ip=2606:4700:a8::2
2026-05-30T17:08:38Z INF Tunnel connection curve preferences: [X25519MLKEM768 CurveID(65074) CurveP256] connIndex=0 event=0 ip=2606:4700:a8::2
2026-05-30T17:08:38Z ERR failed to run the datagram handler error="context canceled" connIndex=0 event=0 ip=2606:4700:a8::2
2026-05-30T17:08:38Z ERR failed to serve tunnel connection error="control stream encountered a failure while serving" connIndex=0 event=0 ip=2606:4700:a8::2
2026-05-30T17:08:38Z ERR Serve tunnel error error="control stream encountered a failure while serving" connIndex=0 event=0 ip=2606:4700:a8::2
2026-05-30T17:08:38Z INF Retrying connection in up to 1m4s connIndex=0 event=0 ip=2606:4700:a8::2
2026-05-30T17:08:50Z INF Tunnel connection curve preferences: [X25519MLKEM768 CurveID(65074) CurveP256] connIndex=0 event=0 ip=2606:4700:a8::2
2026-05-30T17:08:50Z ERR failed to run the datagram handler error="context canceled" connIndex=0 event=0 ip=2606:4700:a8::2
2026-05-30T17:08:50Z ERR failed to serve tunnel connection error="control stream encountered a failure while serving" connIndex=0 event=0 ip=2606:4700:a8::2
2026-05-30T17:08:50Z ERR Serve tunnel error error="control stream encountered a failure while serving" connIndex=0 event=0 ip=2606:4700:a8::2
2026-05-30T17:08:50Z INF Retrying connection in up to 1m4s connIndex=0 event=0 ip=2606:4700:a8::2
2026-05-30T17:09:01Z INF Tunnel connection curve preferences: [X25519MLKEM768 CurveID(65074) CurveP256] connIndex=0 event=0 ip=2606:4700:a8::2
2026-05-30T17:09:01Z ERR failed to run the datagram handler error="context canceled" connIndex=0 event=0 ip=2606:4700:a8::2
2026-05-30T17:09:01Z ERR failed to serve tunnel connection error="control stream encountered a failure while serving" connIndex=0 event=0 ip=2606:4700:a8::2
2026-05-30T17:09:01Z ERR Serve tunnel error error="control stream encountered a failure while serving" connIndex=0 event=0 ip=2606:4700:a8::2
2026-05-30T17:09:01Z INF Retrying connection in up to 1m4s connIndex=0 event=0 ip=2606:4700:a8::2
2026-05-30T17:09:04Z INF Tunnel connection curve preferences: [X25519MLKEM768 CurveID(65074) CurveP256] connIndex=0 event=0 ip=2606:4700:a8::2
2026-05-30T17:09:04Z ERR failed to run the datagram handler error="context canceled" connIndex=0 event=0 ip=2606:4700:a8::2
2026-05-30T17:09:04Z ERR failed to serve tunnel connection error="control stream encountered a failure while serving" connIndex=0 event=0 ip=2606:4700:a8::2
2026-05-30T17:09:04Z ERR Serve tunnel error error="control stream encountered a failure while serving" connIndex=0 event=0 ip=2606:4700:a8::2
2026-05-30T17:09:04Z INF Retrying connection in up to 1m4s connIndex=0 event=0 ip=2606:4700:a8::2
2026-05-30T17:09:20Z INF Tunnel connection curve preferences: [X25519MLKEM768 CurveID(65074) CurveP256] connIndex=0 event=0 ip=2606:4700:a8::2
2026-05-30T17:09:20Z ERR failed to run the datagram handler error="context canceled" connIndex=0 event=0 ip=2606:4700:a8::2
2026-05-30T17:09:20Z ERR failed to serve tunnel connection error="control stream encountered a failure while serving" connIndex=0 event=0 ip=2606:4700:a8::2
2026-05-30T17:09:20Z ERR Serve tunnel error error="control stream encountered a failure while serving" connIndex=0 event=0 ip=2606:4700:a8::2
2026-05-30T17:09:20Z INF Retrying connection in up to 1m4s connIndex=0 event=0 ip=2606:4700:a8::2
2026-05-30T17:09:30Z INF Tunnel connection curve preferences: [X25519MLKEM768 CurveID(65074) CurveP256] connIndex=0 event=0 ip=2606:4700:a8::2
2026-05-30T17:09:30Z ERR failed to run the datagram handler error="context canceled" connIndex=0 event=0 ip=2606:4700:a8::2
2026-05-30T17:09:30Z ERR failed to serve tunnel connection error="control stream encountered a failure while serving" connIndex=0 event=0 ip=2606:4700:a8::2
2026-05-30T17:09:30Z ERR Serve tunnel error error="control stream encountered a failure while serving" connIndex=0 event=0 ip=2606:4700:a8::2
2026-05-30T17:09:30Z INF Retrying connection in up to 1m4s connIndex=0 event=0 ip=2606:4700:a8::2
2026-05-30T17:09:57Z INF Tunnel connection curve preferences: [X25519MLKEM768 CurveID(65074) CurveP256] connIndex=0 event=0 ip=2606:4700:a8::2
2026-05-30T17:09:57Z ERR failed to run the datagram handler error="context canceled" connIndex=0 event=0 ip=2606:4700:a8::2
2026-05-30T17:09:57Z ERR failed to serve tunnel connection error="control stream encountered a failure while serving" connIndex=0 event=0 ip=2606:4700:a8::2
2026-05-30T17:09:57Z ERR Serve tunnel error error="control stream encountered a failure while serving" connIndex=0 event=0 ip=2606:4700:a8::2
2026-05-30T17:09:57Z INF Retrying connection in up to 1m4s connIndex=0 event=0 ip=2606:4700:a8::2
2026-05-30T17:10:15Z INF Tunnel connection curve preferences: [X25519MLKEM768 CurveID(65074) CurveP256] connIndex=0 event=0 ip=2606:4700:a8::2
2026-05-30T17:10:16Z ERR failed to run the datagram handler error="context canceled" connIndex=0 event=0 ip=2606:4700:a8::2
2026-05-30T17:10:16Z ERR failed to serve tunnel connection error="control stream encountered a failure while serving" connIndex=0 event=0 ip=2606:4700:a8::2
2026-05-30T17:10:16Z ERR Serve tunnel error error="control stream encountered a failure while serving" connIndex=0 event=0 ip=2606:4700:a8::2
2026-05-30T17:10:16Z INF Retrying connection in up to 1m4s connIndex=0 event=0 ip=2606:4700:a8::2
2026-05-30T17:10:36Z INF Tunnel connection curve preferences: [X25519MLKEM768 CurveID(65074) CurveP256] connIndex=0 event=0 ip=2606:4700:a8::2
2026-05-30T17:10:37Z ERR failed to run the datagram handler error="context canceled" connIndex=0 event=0 ip=2606:4700:a8::2
2026-05-30T17:10:37Z ERR failed to serve tunnel connection error="control stream encountered a failure while serving" connIndex=0 event=0 ip=2606:4700:a8::2
2026-05-30T17:10:37Z ERR Serve tunnel error error="control stream encountered a failure while serving" connIndex=0 event=0 ip=2606:4700:a8::2
2026-05-30T17:10:37Z INF Retrying connection in up to 1m4s connIndex=0 event=0 ip=2606:4700:a8::2
2026-05-30T17:10:55Z INF Tunnel connection curve preferences: [X25519MLKEM768 CurveID(65074) CurveP256] connIndex=0 event=0 ip=2606:4700:a8::2
2026-05-30T17:10:55Z ERR failed to run the datagram handler error="context canceled" connIndex=0 event=0 ip=2606:4700:a8::2
2026-05-30T17:10:55Z ERR failed to serve tunnel connection error="control stream encountered a failure while serving" connIndex=0 event=0 ip=2606:4700:a8::2
2026-05-30T17:10:55Z ERR Serve tunnel error error="control stream encountered a failure while serving" connIndex=0 event=0 ip=2606:4700:a8::2
2026-05-30T17:10:55Z INF Retrying connection in up to 1m4s connIndex=0 event=0 ip=2606:4700:a8::2
2026-05-30T17:10:59Z INF Tunnel connection curve preferences: [X25519MLKEM768 CurveID(65074) CurveP256] connIndex=0 event=0 ip=2606:4700:a8::2
2026-05-30T17:10:59Z ERR failed to run the datagram handler error="context canceled" connIndex=0 event=0 ip=2606:4700:a8::2
2026-05-30T17:10:59Z ERR failed to serve tunnel connection error="control stream encountered a failure while serving" connIndex=0 event=0 ip=2606:4700:a8::2
2026-05-30T17:10:59Z ERR Serve tunnel error error="control stream encountered a failure while serving" connIndex=0 event=0 ip=2606:4700:a8::2
2026-05-30T17:10:59Z INF Retrying connection in up to 1m4s connIndex=0 event=0 ip=2606:4700:a8::2
2026-05-30T17:11:01Z INF Tunnel connection curve preferences: [X25519MLKEM768 CurveID(65074) CurveP256] connIndex=0 event=0 ip=2606:4700:a8::2
2026-05-30T17:11:01Z ERR failed to run the datagram handler error="context canceled" connIndex=0 event=0 ip=2606:4700:a8::2
2026-05-30T17:11:01Z ERR failed to serve tunnel connection error="control stream encountered a failure while serving" connIndex=0 event=0 ip=2606:4700:a8::2
2026-05-30T17:11:01Z ERR Serve tunnel error error="control stream encountered a failure while serving" connIndex=0 event=0 ip=2606:4700:a8::2
2026-05-30T17:11:01Z INF Retrying connection in up to 1m4s connIndex=0 event=0 ip=2606:4700:a8::2
2026-05-30T17:11:14Z INF Tunnel connection curve preferences: [X25519MLKEM768 CurveID(65074) CurveP256] connIndex=0 event=0 ip=2606:4700:a8::2
2026-05-30T17:11:14Z ERR failed to run the datagram handler error="context canceled" connIndex=0 event=0 ip=2606:4700:a8::2
2026-05-30T17:11:14Z ERR failed to serve tunnel connection error="control stream encountered a failure while serving" connIndex=0 event=0 ip=2606:4700:a8::2
2026-05-30T17:11:14Z ERR Serve tunnel error error="control stream encountered a failure while serving" connIndex=0 event=0 ip=2606:4700:a8::2
2026-05-30T17:11:14Z INF Retrying connection in up to 1m4s connIndex=0 event=0 ip=2606:4700:a8::2
2026-05-30T17:11:18Z INF Tunnel connection curve preferences: [X25519MLKEM768 CurveID(65074) CurveP256] connIndex=0 event=0 ip=2606:4700:a8::2
2026-05-30T17:11:18Z ERR failed to run the datagram handler error="context canceled" connIndex=0 event=0 ip=2606:4700:a8::2
2026-05-30T17:11:18Z ERR failed to serve tunnel connection error="control stream encountered a failure while serving" connIndex=0 event=0 ip=2606:4700:a8::2
2026-05-30T17:11:18Z ERR Serve tunnel error error="control stream encountered a failure while serving" connIndex=0 event=0 ip=2606:4700:a8::2
2026-05-30T17:11:18Z INF Retrying connection in up to 1m4s connIndex=0 event=0 ip=2606:4700:a8::2
2026-05-30T17:11:37Z INF Tunnel connection curve preferences: [X25519MLKEM768 CurveID(65074) CurveP256] connIndex=0 event=0 ip=2606:4700:a8::2
2026-05-30T17:11:37Z ERR failed to run the datagram handler error="context canceled" connIndex=0 event=0 ip=2606:4700:a8::2
2026-05-30T17:11:37Z ERR failed to serve tunnel connection error="control stream encountered a failure while serving" connIndex=0 event=0 ip=2606:4700:a8::2
2026-05-30T17:11:37Z ERR Serve tunnel error error="control stream encountered a failure while serving" connIndex=0 event=0 ip=2606:4700:a8::2
2026-05-30T17:11:37Z INF Retrying connection in up to 1m4s connIndex=0 event=0 ip=2606:4700:a8::2
2026-05-30T17:11:43Z INF Tunnel connection curve preferences: [X25519MLKEM768 CurveID(65074) CurveP256] connIndex=0 event=0 ip=2606:4700:a8::2
2026-05-30T17:11:43Z ERR failed to run the datagram handler error="context canceled" connIndex=0 event=0 ip=2606:4700:a8::2
2026-05-30T17:11:43Z ERR failed to serve tunnel connection error="control stream encountered a failure while serving" connIndex=0 event=0 ip=2606:4700:a8::2
2026-05-30T17:11:43Z ERR Serve tunnel error error="control stream encountered a failure while serving" connIndex=0 event=0 ip=2606:4700:a8::2
2026-05-30T17:11:43Z INF Retrying connection in up to 1m4s connIndex=0 event=0 ip=2606:4700:a8::2
2026-05-30T17:12:04Z INF Tunnel connection curve preferences: [X25519MLKEM768 CurveID(65074) CurveP256] connIndex=0 event=0 ip=2606:4700:a8::2
2026-05-30T17:12:04Z ERR failed to run the datagram handler error="context canceled" connIndex=0 event=0 ip=2606:4700:a8::2
2026-05-30T17:12:04Z ERR failed to serve tunnel connection error="control stream encountered a failure while serving" connIndex=0 event=0 ip=2606:4700:a8::2
2026-05-30T17:12:04Z ERR Serve tunnel error error="control stream encountered a failure while serving" connIndex=0 event=0 ip=2606:4700:a8::2
2026-05-30T17:12:04Z INF Retrying connection in up to 1m4s connIndex=0 event=0 ip=2606:4700:a8::2
2026-05-30T17:12:12Z INF Tunnel connection curve preferences: [X25519MLKEM768 CurveID(65074) CurveP256] connIndex=0 event=0 ip=2606:4700:a8::2
2026-05-30T17:12:12Z ERR failed to run the datagram handler error="context canceled" connIndex=0 event=0 ip=2606:4700:a8::2
2026-05-30T17:12:12Z ERR failed to serve tunnel connection error="control stream encountered a failure while serving" connIndex=0 event=0 ip=2606:4700:a8::2
2026-05-30T17:12:12Z ERR Serve tunnel error error="control stream encountered a failure while serving" connIndex=0 event=0 ip=2606:4700:a8::2
2026-05-30T17:12:12Z INF Retrying connection in up to 1m4s connIndex=0 event=0 ip=2606:4700:a8::2
2026-05-30T17:12:44Z INF Tunnel connection curve preferences: [X25519MLKEM768 CurveID(65074) CurveP256] connIndex=0 event=0 ip=2606:4700:a8::2
2026-05-30T17:12:44Z ERR failed to run the datagram handler error="context canceled" connIndex=0 event=0 ip=2606:4700:a8::2
2026-05-30T17:12:44Z ERR failed to serve tunnel connection error="control stream encountered a failure while serving" connIndex=0 event=0 ip=2606:4700:a8::2
2026-05-30T17:12:44Z ERR Serve tunnel error error="control stream encountered a failure while serving" connIndex=0 event=0 ip=2606:4700:a8::2
2026-05-30T17:12:44Z INF Retrying connection in up to 1m4s connIndex=0 event=0 ip=2606:4700:a8::2
2026-05-30T17:12:58Z INF Tunnel connection curve preferences: [X25519MLKEM768 CurveID(65074) CurveP256] connIndex=0 event=0 ip=2606:4700:a8::2
2026-05-30T17:12:58Z ERR failed to run the datagram handler error="context canceled" connIndex=0 event=0 ip=2606:4700:a8::2
2026-05-30T17:12:58Z ERR failed to serve tunnel connection error="control stream encountered a failure while serving" connIndex=0 event=0 ip=2606:4700:a8::2
2026-05-30T17:12:58Z ERR Serve tunnel error error="control stream encountered a failure while serving" connIndex=0 event=0 ip=2606:4700:a8::2
2026-05-30T17:12:58Z INF Retrying connection in up to 1m4s connIndex=0 event=0 ip=2606:4700:a8::2
2026-05-30T17:13:18Z INF Tunnel connection curve preferences: [X25519MLKEM768 CurveID(65074) CurveP256] connIndex=0 event=0 ip=2606:4700:a8::2
2026-05-30T17:13:19Z ERR failed to run the datagram handler error="context canceled" connIndex=0 event=0 ip=2606:4700:a8::2
2026-05-30T17:13:19Z ERR failed to serve tunnel connection error="control stream encountered a failure while serving" connIndex=0 event=0 ip=2606:4700:a8::2
2026-05-30T17:13:19Z ERR Serve tunnel error error="control stream encountered a failure while serving" connIndex=0 event=0 ip=2606:4700:a8::2
2026-05-30T17:13:19Z INF Retrying connection in up to 1m4s connIndex=0 event=0 ip=2606:4700:a8::2
2026-05-30T17:13:19Z INF Tunnel connection curve preferences: [X25519MLKEM768 CurveID(65074) CurveP256] connIndex=0 event=0 ip=2606:4700:a8::2
2026-05-30T17:13:19Z ERR failed to run the datagram handler error="context canceled" connIndex=0 event=0 ip=2606:4700:a8::2
2026-05-30T17:13:19Z ERR failed to serve tunnel connection error="control stream encountered a failure while serving" connIndex=0 event=0 ip=2606:4700:a8::2
2026-05-30T17:13:19Z ERR Serve tunnel error error="control stream encountered a failure while serving" connIndex=0 event=0 ip=2606:4700:a8::2
2026-05-30T17:13:19Z INF Retrying connection in up to 1m4s connIndex=0 event=0 ip=2606:4700:a8::2
2026-05-30T17:13:22Z INF Tunnel connection curve preferences: [X25519MLKEM768 CurveID(65074) CurveP256] connIndex=0 event=0 ip=2606:4700:a8::2
2026-05-30T17:13:22Z ERR failed to run the datagram handler error="context canceled" connIndex=0 event=0 ip=2606:4700:a8::2
2026-05-30T17:13:22Z ERR failed to serve tunnel connection error="control stream encountered a failure while serving" connIndex=0 event=0 ip=2606:4700:a8::2
2026-05-30T17:13:22Z ERR Serve tunnel error error="control stream encountered a failure while serving" connIndex=0 event=0 ip=2606:4700:a8::2
2026-05-30T17:13:22Z INF Retrying connection in up to 1m4s connIndex=0 event=0 ip=2606:4700:a8::2
2026-05-30T17:42:37Z INF Tunnel connection curve preferences: [X25519MLKEM768 CurveID(65074) CurveP256] connIndex=0 event=0 ip=2606:4700:a8::2
2026-05-30T17:42:37Z ERR failed to run the datagram handler error="context canceled" connIndex=0 event=0 ip=2606:4700:a8::2
2026-05-30T17:42:37Z ERR failed to serve tunnel connection error="control stream encountered a failure while serving" connIndex=0 event=0 ip=2606:4700:a8::2
2026-05-30T17:42:37Z ERR Serve tunnel error error="control stream encountered a failure while serving" connIndex=0 event=0 ip=2606:4700:a8::2
2026-05-30T17:42:37Z INF Retrying connection in up to 1m4s connIndex=0 event=0 ip=2606:4700:a8::2
2026-05-30T17:43:33Z INF Tunnel connection curve preferences: [X25519MLKEM768 CurveID(65074) CurveP256] connIndex=0 event=0 ip=2606:4700:a8::2
2026-05-30T17:43:33Z ERR failed to run the datagram handler error="context canceled" connIndex=0 event=0 ip=2606:4700:a8::2
2026-05-30T17:43:33Z ERR failed to serve tunnel connection error="control stream encountered a failure while serving" connIndex=0 event=0 ip=2606:4700:a8::2
2026-05-30T17:43:33Z ERR Serve tunnel error error="control stream encountered a failure while serving" connIndex=0 event=0 ip=2606:4700:a8::2
2026-05-30T17:43:33Z INF Retrying connection in up to 1m4s connIndex=0 event=0 ip=2606:4700:a8::2
2026-05-30T18:31:36Z INF Tunnel connection curve preferences: [X25519MLKEM768 CurveID(65074) CurveP256] connIndex=0 event=0 ip=2606:4700:a8::2
2026-05-30T18:31:36Z ERR failed to run the datagram handler error="context canceled" connIndex=0 event=0 ip=2606:4700:a8::2
2026-05-30T18:31:36Z ERR failed to serve tunnel connection error="control stream encountered a failure while serving" connIndex=0 event=0 ip=2606:4700:a8::2
2026-05-30T18:31:36Z ERR Serve tunnel error error="control stream encountered a failure while serving" connIndex=0 event=0 ip=2606:4700:a8::2
2026-05-30T18:31:36Z INF Retrying connection in up to 1m4s connIndex=0 event=0 ip=2606:4700:a8::2
2026-05-30T18:44:35Z INF Tunnel connection curve preferences: [X25519MLKEM768 CurveID(65074) CurveP256] connIndex=0 event=0 ip=2606:4700:a8::2
2026-05-30T18:44:40Z ERR Failed to dial a quic connection error="failed to dial to edge with quic: timeout: no recent network activity" connIndex=0 event=0 ip=2606:4700:a8::2
2026-05-30T18:44:40Z INF Retrying connection in up to 1m4s connIndex=0 event=0 ip=2606:4700:a8::2
2026-05-30T19:56:29Z INF Tunnel connection curve preferences: [X25519MLKEM768 CurveID(65074) CurveP256] connIndex=0 event=0 ip=2606:4700:a0::3
2026-05-30T19:56:29Z ERR failed to run the datagram handler error="context canceled" connIndex=0 event=0 ip=2606:4700:a0::3
2026-05-30T19:56:29Z ERR failed to serve tunnel connection error="control stream encountered a failure while serving" connIndex=0 event=0 ip=2606:4700:a0::3
2026-05-30T19:56:29Z ERR Serve tunnel error error="control stream encountered a failure while serving" connIndex=0 event=0 ip=2606:4700:a0::3
2026-05-30T19:56:29Z INF Retrying connection in up to 1m4s connIndex=0 event=0 ip=2606:4700:a0::3
2026-05-30T21:19:21Z INF Tunnel connection curve preferences: [X25519MLKEM768 CurveID(65074) CurveP256] connIndex=0 event=0 ip=2606:4700:a0::3
2026-05-30T21:19:21Z ERR failed to run the datagram handler error="context canceled" connIndex=0 event=0 ip=2606:4700:a0::3
2026-05-30T21:19:21Z ERR failed to serve tunnel connection error="control stream encountered a failure while serving" connIndex=0 event=0 ip=2606:4700:a0::3
2026-05-30T21:19:21Z ERR Serve tunnel error error="control stream encountered a failure while serving" connIndex=0 event=0 ip=2606:4700:a0::3
2026-05-30T21:19:21Z INF Retrying connection in up to 1m4s connIndex=0 event=0 ip=2606:4700:a0::3
2026-05-30T21:55:58Z INF Tunnel connection curve preferences: [X25519MLKEM768 CurveID(65074) CurveP256] connIndex=0 event=0 ip=2606:4700:a0::3
2026-05-30T21:55:58Z ERR failed to run the datagram handler error="context canceled" connIndex=0 event=0 ip=2606:4700:a0::3
2026-05-30T21:55:58Z ERR failed to serve tunnel connection error="control stream encountered a failure while serving" connIndex=0 event=0 ip=2606:4700:a0::3
2026-05-30T21:55:58Z ERR Serve tunnel error error="control stream encountered a failure while serving" connIndex=0 event=0 ip=2606:4700:a0::3
2026-05-30T21:55:58Z INF Retrying connection in up to 1m4s connIndex=0 event=0 ip=2606:4700:a0::3
2026-05-30T23:07:36Z INF Tunnel connection curve preferences: [X25519MLKEM768 CurveID(65074) CurveP256] connIndex=0 event=0 ip=2606:4700:a0::3
2026-05-30T23:07:36Z ERR failed to run the datagram handler error="context canceled" connIndex=0 event=0 ip=2606:4700:a0::3
2026-05-30T23:07:36Z ERR failed to serve tunnel connection error="control stream encountered a failure while serving" connIndex=0 event=0 ip=2606:4700:a0::3
2026-05-30T23:07:36Z ERR Serve tunnel error error="control stream encountered a failure while serving" connIndex=0 event=0 ip=2606:4700:a0::3
2026-05-30T23:07:36Z INF Retrying connection in up to 1m4s connIndex=0 event=0 ip=2606:4700:a0::3
2026-05-31T00:13:57Z INF Tunnel connection curve preferences: [X25519MLKEM768 CurveID(65074) CurveP256] connIndex=0 event=0 ip=2606:4700:a0::3
2026-05-31T00:13:57Z ERR failed to run the datagram handler error="context canceled" connIndex=0 event=0 ip=2606:4700:a0::3
2026-05-31T00:13:57Z ERR failed to serve tunnel connection error="control stream encountered a failure while serving" connIndex=0 event=0 ip=2606:4700:a0::3
2026-05-31T00:13:57Z ERR Serve tunnel error error="control stream encountered a failure while serving" connIndex=0 event=0 ip=2606:4700:a0::3
2026-05-31T00:13:57Z INF Retrying connection in up to 1m4s connIndex=0 event=0 ip=2606:4700:a0::3
2026-05-31T00:30:08Z INF Tunnel connection curve preferences: [X25519MLKEM768 CurveID(65074) CurveP256] connIndex=0 event=0 ip=2606:4700:a0::3
2026-05-31T00:30:08Z ERR failed to run the datagram handler error="context canceled" connIndex=0 event=0 ip=2606:4700:a0::3
2026-05-31T00:30:08Z ERR failed to serve tunnel connection error="control stream encountered a failure while serving" connIndex=0 event=0 ip=2606:4700:a0::3
2026-05-31T00:30:08Z ERR Serve tunnel error error="control stream encountered a failure while serving" connIndex=0 event=0 ip=2606:4700:a0::3
2026-05-31T00:30:08Z INF Retrying connection in up to 1m4s connIndex=0 event=0 ip=2606:4700:a0::3
2026-05-31T01:08:38Z INF Tunnel connection curve preferences: [X25519MLKEM768 CurveID(65074) CurveP256] connIndex=0 event=0 ip=2606:4700:a0::3
2026-05-31T01:08:38Z ERR failed to run the datagram handler error="context canceled" connIndex=0 event=0 ip=2606:4700:a0::3
2026-05-31T01:08:38Z ERR failed to serve tunnel connection error="control stream encountered a failure while serving" connIndex=0 event=0 ip=2606:4700:a0::3
2026-05-31T01:08:38Z ERR Serve tunnel error error="control stream encountered a failure while serving" connIndex=0 event=0 ip=2606:4700:a0::3
2026-05-31T01:08:38Z INF Retrying connection in up to 1m4s connIndex=0 event=0 ip=2606:4700:a0::3
2026-05-31T02:09:37Z INF Tunnel connection curve preferences: [X25519MLKEM768 CurveID(65074) CurveP256] connIndex=0 event=0 ip=2606:4700:a0::3
2026-05-31T02:09:38Z ERR failed to run the datagram handler error="context canceled" connIndex=0 event=0 ip=2606:4700:a0::3
2026-05-31T02:09:38Z ERR failed to serve tunnel connection error="control stream encountered a failure while serving" connIndex=0 event=0 ip=2606:4700:a0::3
2026-05-31T02:09:38Z ERR Serve tunnel error error="control stream encountered a failure while serving" connIndex=0 event=0 ip=2606:4700:a0::3
2026-05-31T02:09:38Z INF Retrying connection in up to 1m4s connIndex=0 event=0 ip=2606:4700:a0::3
2026-05-31T02:41:22Z INF Tunnel connection curve preferences: [X25519MLKEM768 CurveID(65074) CurveP256] connIndex=0 event=0 ip=2606:4700:a0::3
2026-05-31T02:41:22Z ERR failed to run the datagram handler error="context canceled" connIndex=0 event=0 ip=2606:4700:a0::3
2026-05-31T02:41:22Z ERR failed to serve tunnel connection error="control stream encountered a failure while serving" connIndex=0 event=0 ip=2606:4700:a0::3
2026-05-31T02:41:22Z ERR Serve tunnel error error="control stream encountered a failure while serving" connIndex=0 event=0 ip=2606:4700:a0::3
2026-05-31T02:41:22Z INF Retrying connection in up to 1m4s connIndex=0 event=0 ip=2606:4700:a0::3
2026-05-31T03:21:38Z INF Tunnel connection curve preferences: [X25519MLKEM768 CurveID(65074) CurveP256] connIndex=0 event=0 ip=2606:4700:a0::3
2026-05-31T03:21:38Z ERR failed to run the datagram handler error="context canceled" connIndex=0 event=0 ip=2606:4700:a0::3
2026-05-31T03:21:38Z ERR failed to serve tunnel connection error="control stream encountered a failure while serving" connIndex=0 event=0 ip=2606:4700:a0::3
2026-05-31T03:21:38Z ERR Serve tunnel error error="control stream encountered a failure while serving" connIndex=0 event=0 ip=2606:4700:a0::3
2026-05-31T03:21:38Z INF Retrying connection in up to 1m4s connIndex=0 event=0 ip=2606:4700:a0::3
2026-05-31T03:37:20Z INF Tunnel connection curve preferences: [X25519MLKEM768 CurveID(65074) CurveP256] connIndex=0 event=0 ip=2606:4700:a0::3
2026-05-31T03:38:49Z ERR Failed to dial a quic connection error="failed to dial to edge with quic: timeout: no recent network activity" connIndex=0 event=0 ip=2606:4700:a0::3
2026-05-31T03:38:49Z INF Retrying connection in up to 1m4s connIndex=0 event=0 ip=2606:4700:a0::3
2026-05-31T04:11:34Z INF Tunnel connection curve preferences: [X25519MLKEM768 CurveID(65074) CurveP256] connIndex=0 event=0 ip=198.41.192.107
2026-05-31T04:11:34Z ERR failed to run the datagram handler error="context canceled" connIndex=0 event=0 ip=198.41.192.107
2026-05-31T04:11:34Z ERR failed to serve tunnel connection error="control stream encountered a failure while serving" connIndex=0 event=0 ip=198.41.192.107
2026-05-31T04:11:34Z ERR Serve tunnel error error="control stream encountered a failure while serving" connIndex=0 event=0 ip=198.41.192.107
2026-05-31T04:11:34Z INF Retrying connection in up to 1m4s connIndex=0 event=0 ip=198.41.192.107
2026-05-31T04:52:47Z INF Tunnel connection curve preferences: [X25519MLKEM768 CurveID(65074) CurveP256] connIndex=0 event=0 ip=198.41.192.107
2026-05-31T04:52:47Z ERR failed to run the datagram handler error="context canceled" connIndex=0 event=0 ip=198.41.192.107
2026-05-31T04:52:47Z ERR failed to serve tunnel connection error="control stream encountered a failure while serving" connIndex=0 event=0 ip=198.41.192.107
2026-05-31T04:52:47Z ERR Serve tunnel error error="control stream encountered a failure while serving" connIndex=0 event=0 ip=198.41.192.107
2026-05-31T04:52:47Z INF Retrying connection in up to 1m4s connIndex=0 event=0 ip=198.41.192.107
2026-05-31T05:06:32Z INF Tunnel connection curve preferences: [X25519MLKEM768 CurveID(65074) CurveP256] connIndex=0 event=0 ip=198.41.192.107
2026-05-31T05:06:32Z ERR failed to run the datagram handler error="context canceled" connIndex=0 event=0 ip=198.41.192.107
2026-05-31T05:06:32Z ERR failed to serve tunnel connection error="control stream encountered a failure while serving" connIndex=0 event=0 ip=198.41.192.107
2026-05-31T05:06:32Z ERR Serve tunnel error error="control stream encountered a failure while serving" connIndex=0 event=0 ip=198.41.192.107
2026-05-31T05:06:32Z INF Retrying connection in up to 1m4s connIndex=0 event=0 ip=198.41.192.107
2026-05-31T05:06:47Z INF Tunnel connection curve preferences: [X25519MLKEM768 CurveID(65074) CurveP256] connIndex=0 event=0 ip=198.41.192.107
2026-05-31T05:06:47Z ERR failed to run the datagram handler error="context canceled" connIndex=0 event=0 ip=198.41.192.107
2026-05-31T05:06:47Z ERR failed to serve tunnel connection error="control stream encountered a failure while serving" connIndex=0 event=0 ip=198.41.192.107
2026-05-31T05:06:47Z ERR Serve tunnel error error="control stream encountered a failure while serving" connIndex=0 event=0 ip=198.41.192.107
2026-05-31T05:06:47Z INF Retrying connection in up to 1m4s connIndex=0 event=0 ip=198.41.192.107
2026-05-31T05:06:53Z INF Tunnel connection curve preferences: [X25519MLKEM768 CurveID(65074) CurveP256] connIndex=0 event=0 ip=198.41.192.107
2026-05-31T05:06:53Z ERR failed to run the datagram handler error="context canceled" connIndex=0 event=0 ip=198.41.192.107
2026-05-31T05:06:53Z ERR failed to serve tunnel connection error="control stream encountered a failure while serving" connIndex=0 event=0 ip=198.41.192.107
2026-05-31T05:06:53Z ERR Serve tunnel error error="control stream encountered a failure while serving" connIndex=0 event=0 ip=198.41.192.107
2026-05-31T05:06:53Z INF Retrying connection in up to 1m4s connIndex=0 event=0 ip=198.41.192.107
2026-05-31T05:07:17Z INF Tunnel connection curve preferences: [X25519MLKEM768 CurveID(65074) CurveP256] connIndex=0 event=0 ip=198.41.192.107
2026-05-31T05:07:17Z ERR failed to run the datagram handler error="context canceled" connIndex=0 event=0 ip=198.41.192.107
2026-05-31T05:07:17Z ERR failed to serve tunnel connection error="control stream encountered a failure while serving" connIndex=0 event=0 ip=198.41.192.107
2026-05-31T05:07:17Z ERR Serve tunnel error error="control stream encountered a failure while serving" connIndex=0 event=0 ip=198.41.192.107
2026-05-31T05:07:17Z INF Retrying connection in up to 1m4s connIndex=0 event=0 ip=198.41.192.107
2026-05-31T05:07:24Z INF Tunnel connection curve preferences: [X25519MLKEM768 CurveID(65074) CurveP256] connIndex=0 event=0 ip=198.41.192.107
2026-05-31T05:07:24Z ERR failed to run the datagram handler error="context canceled" connIndex=0 event=0 ip=198.41.192.107
2026-05-31T05:07:24Z ERR failed to serve tunnel connection error="control stream encountered a failure while serving" connIndex=0 event=0 ip=198.41.192.107
2026-05-31T05:07:24Z ERR Serve tunnel error error="control stream encountered a failure while serving" connIndex=0 event=0 ip=198.41.192.107
2026-05-31T05:07:24Z INF Retrying connection in up to 1m4s connIndex=0 event=0 ip=198.41.192.107
2026-05-31T05:07:37Z INF Tunnel connection curve preferences: [X25519MLKEM768 CurveID(65074) CurveP256] connIndex=0 event=0 ip=198.41.192.107
2026-05-31T05:07:37Z ERR failed to run the datagram handler error="context canceled" connIndex=0 event=0 ip=198.41.192.107
2026-05-31T05:07:37Z ERR failed to serve tunnel connection error="control stream encountered a failure while serving" connIndex=0 event=0 ip=198.41.192.107
2026-05-31T05:07:37Z ERR Serve tunnel error error="control stream encountered a failure while serving" connIndex=0 event=0 ip=198.41.192.107
2026-05-31T05:07:37Z INF Retrying connection in up to 1m4s connIndex=0 event=0 ip=198.41.192.107
2026-05-31T05:07:52Z INF Tunnel connection curve preferences: [X25519MLKEM768 CurveID(65074) CurveP256] connIndex=0 event=0 ip=198.41.192.107
2026-05-31T05:07:52Z ERR failed to run the datagram handler error="context canceled" connIndex=0 event=0 ip=198.41.192.107
2026-05-31T05:07:52Z ERR failed to serve tunnel connection error="control stream encountered a failure while serving" connIndex=0 event=0 ip=198.41.192.107
2026-05-31T05:07:52Z ERR Serve tunnel error error="control stream encountered a failure while serving" connIndex=0 event=0 ip=198.41.192.107
2026-05-31T05:07:52Z INF Retrying connection in up to 1m4s connIndex=0 event=0 ip=198.41.192.107
2026-05-31T05:08:24Z INF Tunnel connection curve preferences: [X25519MLKEM768 CurveID(65074) CurveP256] connIndex=0 event=0 ip=198.41.192.107
2026-05-31T05:08:24Z ERR failed to run the datagram handler error="context canceled" connIndex=0 event=0 ip=198.41.192.107
2026-05-31T05:08:24Z ERR failed to serve tunnel connection error="control stream encountered a failure while serving" connIndex=0 event=0 ip=198.41.192.107
2026-05-31T05:08:24Z ERR Serve tunnel error error="control stream encountered a failure while serving" connIndex=0 event=0 ip=198.41.192.107
2026-05-31T05:08:24Z INF Retrying connection in up to 1m4s connIndex=0 event=0 ip=198.41.192.107
2026-05-31T05:08:31Z INF Tunnel connection curve preferences: [X25519MLKEM768 CurveID(65074) CurveP256] connIndex=0 event=0 ip=198.41.192.107
2026-05-31T05:08:31Z ERR failed to run the datagram handler error="context canceled" connIndex=0 event=0 ip=198.41.192.107
2026-05-31T05:08:31Z ERR failed to serve tunnel connection error="control stream encountered a failure while serving" connIndex=0 event=0 ip=198.41.192.107
2026-05-31T05:08:31Z ERR Serve tunnel error error="control stream encountered a failure while serving" connIndex=0 event=0 ip=198.41.192.107
2026-05-31T05:08:31Z INF Retrying connection in up to 1m4s connIndex=0 event=0 ip=198.41.192.107
2026-05-31T05:08:53Z INF Tunnel connection curve preferences: [X25519MLKEM768 CurveID(65074) CurveP256] connIndex=0 event=0 ip=198.41.192.107
2026-05-31T05:08:53Z ERR failed to run the datagram handler error="context canceled" connIndex=0 event=0 ip=198.41.192.107
2026-05-31T05:08:53Z ERR failed to serve tunnel connection error="control stream encountered a failure while serving" connIndex=0 event=0 ip=198.41.192.107
2026-05-31T05:08:53Z ERR Serve tunnel error error="control stream encountered a failure while serving" connIndex=0 event=0 ip=198.41.192.107
2026-05-31T05:08:53Z INF Retrying connection in up to 1m4s connIndex=0 event=0 ip=198.41.192.107
2026-05-31T05:09:04Z INF Tunnel connection curve preferences: [X25519MLKEM768 CurveID(65074) CurveP256] connIndex=0 event=0 ip=198.41.192.107
2026-05-31T05:09:04Z ERR failed to run the datagram handler error="context canceled" connIndex=0 event=0 ip=198.41.192.107
2026-05-31T05:09:04Z ERR failed to serve tunnel connection error="control stream encountered a failure while serving" connIndex=0 event=0 ip=198.41.192.107
2026-05-31T05:09:04Z ERR Serve tunnel error error="control stream encountered a failure while serving" connIndex=0 event=0 ip=198.41.192.107
2026-05-31T05:09:04Z INF Retrying connection in up to 1m4s connIndex=0 event=0 ip=198.41.192.107
2026-05-31T05:36:54Z INF Tunnel connection curve preferences: [X25519MLKEM768 CurveID(65074) CurveP256] connIndex=0 event=0 ip=198.41.192.107
2026-05-31T05:36:54Z ERR failed to run the datagram handler error="context canceled" connIndex=0 event=0 ip=198.41.192.107
2026-05-31T05:36:54Z ERR failed to serve tunnel connection error="control stream encountered a failure while serving" connIndex=0 event=0 ip=198.41.192.107
2026-05-31T05:36:54Z ERR Serve tunnel error error="control stream encountered a failure while serving" connIndex=0 event=0 ip=198.41.192.107
2026-05-31T05:36:54Z INF Retrying connection in up to 1m4s connIndex=0 event=0 ip=198.41.192.107
2026-05-31T05:54:36Z INF Tunnel connection curve preferences: [X25519MLKEM768 CurveID(65074) CurveP256] connIndex=0 event=0 ip=198.41.192.107
2026-05-31T05:54:36Z ERR failed to run the datagram handler error="context canceled" connIndex=0 event=0 ip=198.41.192.107
2026-05-31T05:54:36Z ERR failed to serve tunnel connection error="control stream encountered a failure while serving" connIndex=0 event=0 ip=198.41.192.107
2026-05-31T05:54:36Z ERR Serve tunnel error error="control stream encountered a failure while serving" connIndex=0 event=0 ip=198.41.192.107
2026-05-31T05:54:36Z INF Retrying connection in up to 1m4s connIndex=0 event=0 ip=198.41.192.107
2026-05-31T06:08:18Z INF Tunnel connection curve preferences: [X25519MLKEM768 CurveID(65074) CurveP256] connIndex=0 event=0 ip=198.41.192.107
2026-05-31T06:08:18Z ERR failed to run the datagram handler error="context canceled" connIndex=0 event=0 ip=198.41.192.107
2026-05-31T06:08:18Z ERR failed to serve tunnel connection error="control stream encountered a failure while serving" connIndex=0 event=0 ip=198.41.192.107
2026-05-31T06:08:18Z ERR Serve tunnel error error="control stream encountered a failure while serving" connIndex=0 event=0 ip=198.41.192.107
2026-05-31T06:08:18Z INF Retrying connection in up to 1m4s connIndex=0 event=0 ip=198.41.192.107
2026-05-31T06:09:24Z INF Tunnel connection curve preferences: [X25519MLKEM768 CurveID(65074) CurveP256] connIndex=0 event=0 ip=198.41.192.107
2026-05-31T06:09:24Z ERR failed to run the datagram handler error="context canceled" connIndex=0 event=0 ip=198.41.192.107
2026-05-31T06:09:24Z ERR failed to serve tunnel connection error="control stream encountered a failure while serving" connIndex=0 event=0 ip=198.41.192.107
2026-05-31T06:09:24Z ERR Serve tunnel error error="control stream encountered a failure while serving" connIndex=0 event=0 ip=198.41.192.107
2026-05-31T06:09:24Z INF Retrying connection in up to 1m4s connIndex=0 event=0 ip=198.41.192.107
2026-05-31T06:36:49Z INF Tunnel connection curve preferences: [X25519MLKEM768 CurveID(65074) CurveP256] connIndex=0 event=0 ip=198.41.192.107
2026-05-31T06:36:49Z ERR failed to run the datagram handler error="context canceled" connIndex=0 event=0 ip=198.41.192.107
2026-05-31T06:36:49Z ERR failed to serve tunnel connection error="control stream encountered a failure while serving" connIndex=0 event=0 ip=198.41.192.107
2026-05-31T06:36:49Z ERR Serve tunnel error error="control stream encountered a failure while serving" connIndex=0 event=0 ip=198.41.192.107
2026-05-31T06:36:49Z INF Retrying connection in up to 1m4s connIndex=0 event=0 ip=198.41.192.107
2026-05-31T06:36:50Z INF Tunnel connection curve preferences: [X25519MLKEM768 CurveID(65074) CurveP256] connIndex=0 event=0 ip=198.41.192.107
2026-05-31T06:36:50Z ERR failed to run the datagram handler error="context canceled" connIndex=0 event=0 ip=198.41.192.107
2026-05-31T06:36:50Z ERR failed to serve tunnel connection error="control stream encountered a failure while serving" connIndex=0 event=0 ip=198.41.192.107
2026-05-31T06:36:50Z ERR Serve tunnel error error="control stream encountered a failure while serving" connIndex=0 event=0 ip=198.41.192.107
2026-05-31T06:36:50Z INF Retrying connection in up to 1m4s connIndex=0 event=0 ip=198.41.192.107
2026-05-31T06:59:01Z INF Tunnel connection curve preferences: [X25519MLKEM768 CurveID(65074) CurveP256] connIndex=0 event=0 ip=198.41.192.107
2026-05-31T06:59:01Z ERR failed to run the datagram handler error="context canceled" connIndex=0 event=0 ip=198.41.192.107
2026-05-31T06:59:01Z ERR failed to serve tunnel connection error="control stream encountered a failure while serving" connIndex=0 event=0 ip=198.41.192.107
2026-05-31T06:59:01Z ERR Serve tunnel error error="control stream encountered a failure while serving" connIndex=0 event=0 ip=198.41.192.107
2026-05-31T06:59:01Z INF Retrying connection in up to 1m4s connIndex=0 event=0 ip=198.41.192.107
2026-05-31T06:59:09Z INF Tunnel connection curve preferences: [X25519MLKEM768 CurveID(65074) CurveP256] connIndex=0 event=0 ip=198.41.192.107
2026-05-31T06:59:09Z ERR failed to run the datagram handler error="context canceled" connIndex=0 event=0 ip=198.41.192.107
2026-05-31T06:59:09Z ERR failed to serve tunnel connection error="control stream encountered a failure while serving" connIndex=0 event=0 ip=198.41.192.107
2026-05-31T06:59:09Z ERR Serve tunnel error error="control stream encountered a failure while serving" connIndex=0 event=0 ip=198.41.192.107
2026-05-31T06:59:09Z INF Retrying connection in up to 1m4s connIndex=0 event=0 ip=198.41.192.107
2026-05-31T06:59:20Z INF Tunnel connection curve preferences: [X25519MLKEM768 CurveID(65074) CurveP256] connIndex=0 event=0 ip=198.41.192.107
2026-05-31T06:59:20Z ERR failed to run the datagram handler error="context canceled" connIndex=0 event=0 ip=198.41.192.107
2026-05-31T06:59:20Z ERR failed to serve tunnel connection error="control stream encountered a failure while serving" connIndex=0 event=0 ip=198.41.192.107
2026-05-31T06:59:20Z ERR Serve tunnel error error="control stream encountered a failure while serving" connIndex=0 event=0 ip=198.41.192.107
2026-05-31T06:59:20Z INF Retrying connection in up to 1m4s connIndex=0 event=0 ip=198.41.192.107
2026-05-31T06:59:26Z INF Tunnel connection curve preferences: [X25519MLKEM768 CurveID(65074) CurveP256] connIndex=0 event=0 ip=198.41.192.107
2026-05-31T06:59:26Z ERR failed to run the datagram handler error="context canceled" connIndex=0 event=0 ip=198.41.192.107
2026-05-31T06:59:26Z ERR failed to serve tunnel connection error="control stream encountered a failure while serving" connIndex=0 event=0 ip=198.41.192.107
2026-05-31T06:59:26Z ERR Serve tunnel error error="control stream encountered a failure while serving" connIndex=0 event=0 ip=198.41.192.107
2026-05-31T06:59:26Z INF Retrying connection in up to 1m4s connIndex=0 event=0 ip=198.41.192.107
2026-05-31T06:59:54Z INF Tunnel connection curve preferences: [X25519MLKEM768 CurveID(65074) CurveP256] connIndex=0 event=0 ip=198.41.192.107
2026-05-31T06:59:54Z ERR failed to run the datagram handler error="context canceled" connIndex=0 event=0 ip=198.41.192.107
2026-05-31T06:59:54Z ERR failed to serve tunnel connection error="control stream encountered a failure while serving" connIndex=0 event=0 ip=198.41.192.107
2026-05-31T06:59:54Z ERR Serve tunnel error error="control stream encountered a failure while serving" connIndex=0 event=0 ip=198.41.192.107
2026-05-31T06:59:54Z INF Retrying connection in up to 1m4s connIndex=0 event=0 ip=198.41.192.107
2026-05-31T07:00:14Z INF Tunnel connection curve preferences: [X25519MLKEM768 CurveID(65074) CurveP256] connIndex=0 event=0 ip=198.41.192.107
2026-05-31T07:00:14Z ERR failed to run the datagram handler error="context canceled" connIndex=0 event=0 ip=198.41.192.107
2026-05-31T07:00:14Z ERR failed to serve tunnel connection error="control stream encountered a failure while serving" connIndex=0 event=0 ip=198.41.192.107
2026-05-31T07:00:14Z ERR Serve tunnel error error="control stream encountered a failure while serving" connIndex=0 event=0 ip=198.41.192.107
2026-05-31T07:00:14Z INF Retrying connection in up to 1m4s connIndex=0 event=0 ip=198.41.192.107
2026-05-31T07:00:40Z INF Tunnel connection curve preferences: [X25519MLKEM768 CurveID(65074) CurveP256] connIndex=0 event=0 ip=198.41.192.107
2026-05-31T07:00:40Z ERR failed to run the datagram handler error="context canceled" connIndex=0 event=0 ip=198.41.192.107
2026-05-31T07:00:40Z ERR failed to serve tunnel connection error="control stream encountered a failure while serving" connIndex=0 event=0 ip=198.41.192.107
2026-05-31T07:00:40Z ERR Serve tunnel error error="control stream encountered a failure while serving" connIndex=0 event=0 ip=198.41.192.107
2026-05-31T07:00:40Z INF Retrying connection in up to 1m4s connIndex=0 event=0 ip=198.41.192.107
2026-05-31T07:00:55Z INF Tunnel connection curve preferences: [X25519MLKEM768 CurveID(65074) CurveP256] connIndex=0 event=0 ip=198.41.192.107
2026-05-31T07:00:55Z ERR failed to run the datagram handler error="context canceled" connIndex=0 event=0 ip=198.41.192.107
2026-05-31T07:00:55Z ERR failed to serve tunnel connection error="control stream encountered a failure while serving" connIndex=0 event=0 ip=198.41.192.107
2026-05-31T07:00:55Z ERR Serve tunnel error error="control stream encountered a failure while serving" connIndex=0 event=0 ip=198.41.192.107
2026-05-31T07:00:55Z INF Retrying connection in up to 1m4s connIndex=0 event=0 ip=198.41.192.107
2026-05-31T07:01:09Z INF Tunnel connection curve preferences: [X25519MLKEM768 CurveID(65074) CurveP256] connIndex=0 event=0 ip=198.41.192.107
2026-05-31T07:01:09Z ERR failed to run the datagram handler error="context canceled" connIndex=0 event=0 ip=198.41.192.107
2026-05-31T07:01:09Z ERR failed to serve tunnel connection error="control stream encountered a failure while serving" connIndex=0 event=0 ip=198.41.192.107
2026-05-31T07:01:09Z ERR Serve tunnel error error="control stream encountered a failure while serving" connIndex=0 event=0 ip=198.41.192.107
2026-05-31T07:01:09Z INF Retrying connection in up to 1m4s connIndex=0 event=0 ip=198.41.192.107
2026-05-31T07:01:13Z INF Tunnel connection curve preferences: [X25519MLKEM768 CurveID(65074) CurveP256] connIndex=0 event=0 ip=198.41.192.107
2026-05-31T07:01:13Z ERR failed to run the datagram handler error="context canceled" connIndex=0 event=0 ip=198.41.192.107
2026-05-31T07:01:13Z ERR failed to serve tunnel connection error="control stream encountered a failure while serving" connIndex=0 event=0 ip=198.41.192.107
2026-05-31T07:01:13Z ERR Serve tunnel error error="control stream encountered a failure while serving" connIndex=0 event=0 ip=198.41.192.107
2026-05-31T07:01:13Z INF Retrying connection in up to 1m4s connIndex=0 event=0 ip=198.41.192.107
2026-05-31T07:01:21Z INF Tunnel connection curve preferences: [X25519MLKEM768 CurveID(65074) CurveP256] connIndex=0 event=0 ip=198.41.192.107
2026-05-31T07:01:21Z ERR failed to run the datagram handler error="context canceled" connIndex=0 event=0 ip=198.41.192.107
2026-05-31T07:01:21Z ERR failed to serve tunnel connection error="control stream encountered a failure while serving" connIndex=0 event=0 ip=198.41.192.107
2026-05-31T07:01:21Z ERR Serve tunnel error error="control stream encountered a failure while serving" connIndex=0 event=0 ip=198.41.192.107
2026-05-31T07:01:21Z INF Retrying connection in up to 1m4s connIndex=0 event=0 ip=198.41.192.107
2026-05-31T07:01:36Z INF Tunnel connection curve preferences: [X25519MLKEM768 CurveID(65074) CurveP256] connIndex=0 event=0 ip=198.41.192.107
2026-05-31T07:01:36Z ERR failed to run the datagram handler error="context canceled" connIndex=0 event=0 ip=198.41.192.107
2026-05-31T07:01:36Z ERR failed to serve tunnel connection error="control stream encountered a failure while serving" connIndex=0 event=0 ip=198.41.192.107
2026-05-31T07:01:36Z ERR Serve tunnel error error="control stream encountered a failure while serving" connIndex=0 event=0 ip=198.41.192.107
2026-05-31T07:01:36Z INF Retrying connection in up to 1m4s connIndex=0 event=0 ip=198.41.192.107
2026-05-31T07:01:38Z INF Tunnel connection curve preferences: [X25519MLKEM768 CurveID(65074) CurveP256] connIndex=0 event=0 ip=198.41.192.107
2026-05-31T07:01:38Z ERR failed to run the datagram handler error="context canceled" connIndex=0 event=0 ip=198.41.192.107
2026-05-31T07:01:38Z ERR failed to serve tunnel connection error="control stream encountered a failure while serving" connIndex=0 event=0 ip=198.41.192.107
2026-05-31T07:01:38Z ERR Serve tunnel error error="control stream encountered a failure while serving" connIndex=0 event=0 ip=198.41.192.107
2026-05-31T07:01:38Z INF Retrying connection in up to 1m4s connIndex=0 event=0 ip=198.41.192.107
2026-05-31T07:01:42Z INF Tunnel connection curve preferences: [X25519MLKEM768 CurveID(65074) CurveP256] connIndex=0 event=0 ip=198.41.192.107
2026-05-31T07:01:42Z ERR failed to run the datagram handler error="context canceled" connIndex=0 event=0 ip=198.41.192.107
2026-05-31T07:01:42Z ERR failed to serve tunnel connection error="control stream encountered a failure while serving" connIndex=0 event=0 ip=198.41.192.107
2026-05-31T07:01:42Z ERR Serve tunnel error error="control stream encountered a failure while serving" connIndex=0 event=0 ip=198.41.192.107
2026-05-31T07:01:42Z INF Retrying connection in up to 1m4s connIndex=0 event=0 ip=198.41.192.107
2026-05-31T07:02:11Z INF Tunnel connection curve preferences: [X25519MLKEM768 CurveID(65074) CurveP256] connIndex=0 event=0 ip=198.41.192.107
2026-05-31T07:02:11Z ERR failed to run the datagram handler error="context canceled" connIndex=0 event=0 ip=198.41.192.107
2026-05-31T07:02:11Z ERR failed to serve tunnel connection error="control stream encountered a failure while serving" connIndex=0 event=0 ip=198.41.192.107
2026-05-31T07:02:11Z ERR Serve tunnel error error="control stream encountered a failure while serving" connIndex=0 event=0 ip=198.41.192.107
2026-05-31T07:02:11Z INF Retrying connection in up to 1m4s connIndex=0 event=0 ip=198.41.192.107
2026-05-31T07:02:19Z INF Tunnel connection curve preferences: [X25519MLKEM768 CurveID(65074) CurveP256] connIndex=0 event=0 ip=198.41.192.107
2026-05-31T07:02:19Z ERR failed to run the datagram handler error="context canceled" connIndex=0 event=0 ip=198.41.192.107
2026-05-31T07:02:19Z ERR failed to serve tunnel connection error="control stream encountered a failure while serving" connIndex=0 event=0 ip=198.41.192.107
2026-05-31T07:02:19Z ERR Serve tunnel error error="control stream encountered a failure while serving" connIndex=0 event=0 ip=198.41.192.107
2026-05-31T07:02:19Z INF Retrying connection in up to 1m4s connIndex=0 event=0 ip=198.41.192.107
2026-05-31T07:02:23Z INF Tunnel connection curve preferences: [X25519MLKEM768 CurveID(65074) CurveP256] connIndex=0 event=0 ip=198.41.192.107
2026-05-31T07:02:23Z ERR failed to run the datagram handler error="context canceled" connIndex=0 event=0 ip=198.41.192.107
2026-05-31T07:02:23Z ERR failed to serve tunnel connection error="control stream encountered a failure while serving" connIndex=0 event=0 ip=198.41.192.107
2026-05-31T07:02:23Z ERR Serve tunnel error error="control stream encountered a failure while serving" connIndex=0 event=0 ip=198.41.192.107
2026-05-31T07:02:23Z INF Retrying connection in up to 1m4s connIndex=0 event=0 ip=198.41.192.107
2026-05-31T07:02:40Z INF Tunnel connection curve preferences: [X25519MLKEM768 CurveID(65074) CurveP256] connIndex=0 event=0 ip=198.41.192.107
2026-05-31T07:02:40Z ERR failed to run the datagram handler error="context canceled" connIndex=0 event=0 ip=198.41.192.107
2026-05-31T07:02:40Z ERR failed to serve tunnel connection error="control stream encountered a failure while serving" connIndex=0 event=0 ip=198.41.192.107
2026-05-31T07:02:40Z ERR Serve tunnel error error="control stream encountered a failure while serving" connIndex=0 event=0 ip=198.41.192.107
2026-05-31T07:02:40Z INF Retrying connection in up to 1m4s connIndex=0 event=0 ip=198.41.192.107
2026-05-31T07:02:46Z INF Tunnel connection curve preferences: [X25519MLKEM768 CurveID(65074) CurveP256] connIndex=0 event=0 ip=198.41.192.107
2026-05-31T07:02:46Z ERR failed to run the datagram handler error="context canceled" connIndex=0 event=0 ip=198.41.192.107
2026-05-31T07:02:46Z ERR failed to serve tunnel connection error="control stream encountered a failure while serving" connIndex=0 event=0 ip=198.41.192.107
2026-05-31T07:02:46Z ERR Serve tunnel error error="control stream encountered a failure while serving" connIndex=0 event=0 ip=198.41.192.107
2026-05-31T07:02:46Z INF Retrying connection in up to 1m4s connIndex=0 event=0 ip=198.41.192.107
2026-05-31T07:02:47Z INF Tunnel connection curve preferences: [X25519MLKEM768 CurveID(65074) CurveP256] connIndex=0 event=0 ip=198.41.192.107
2026-05-31T07:02:47Z ERR failed to run the datagram handler error="context canceled" connIndex=0 event=0 ip=198.41.192.107
2026-05-31T07:02:47Z ERR failed to serve tunnel connection error="control stream encountered a failure while serving" connIndex=0 event=0 ip=198.41.192.107
2026-05-31T07:02:47Z ERR Serve tunnel error error="control stream encountered a failure while serving" connIndex=0 event=0 ip=198.41.192.107
2026-05-31T07:02:47Z INF Retrying connection in up to 1m4s connIndex=0 event=0 ip=198.41.192.107
2026-05-31T07:03:13Z INF Tunnel connection curve preferences: [X25519MLKEM768 CurveID(65074) CurveP256] connIndex=0 event=0 ip=198.41.192.107
2026-05-31T07:03:13Z ERR failed to run the datagram handler error="context canceled" connIndex=0 event=0 ip=198.41.192.107
2026-05-31T07:03:13Z ERR failed to serve tunnel connection error="control stream encountered a failure while serving" connIndex=0 event=0 ip=198.41.192.107
2026-05-31T07:03:13Z ERR Serve tunnel error error="control stream encountered a failure while serving" connIndex=0 event=0 ip=198.41.192.107
2026-05-31T07:03:13Z INF Retrying connection in up to 1m4s connIndex=0 event=0 ip=198.41.192.107
2026-05-31T07:03:21Z INF Tunnel connection curve preferences: [X25519MLKEM768 CurveID(65074) CurveP256] connIndex=0 event=0 ip=198.41.192.107
2026-05-31T07:03:21Z ERR failed to run the datagram handler error="context canceled" connIndex=0 event=0 ip=198.41.192.107
2026-05-31T07:03:21Z ERR failed to serve tunnel connection error="control stream encountered a failure while serving" connIndex=0 event=0 ip=198.41.192.107
2026-05-31T07:03:21Z ERR Serve tunnel error error="control stream encountered a failure while serving" connIndex=0 event=0 ip=198.41.192.107
2026-05-31T07:03:21Z INF Retrying connection in up to 1m4s connIndex=0 event=0 ip=198.41.192.107
2026-05-31T07:18:54Z INF Tunnel connection curve preferences: [X25519MLKEM768 CurveID(65074) CurveP256] connIndex=0 event=0 ip=198.41.192.107
2026-05-31T07:18:54Z ERR failed to run the datagram handler error="context canceled" connIndex=0 event=0 ip=198.41.192.107
2026-05-31T07:18:54Z ERR failed to serve tunnel connection error="control stream encountered a failure while serving" connIndex=0 event=0 ip=198.41.192.107
2026-05-31T07:18:54Z ERR Serve tunnel error error="control stream encountered a failure while serving" connIndex=0 event=0 ip=198.41.192.107
2026-05-31T07:18:54Z INF Retrying connection in up to 1m4s connIndex=0 event=0 ip=198.41.192.107
2026-05-31T07:35:55Z INF Tunnel connection curve preferences: [X25519MLKEM768 CurveID(65074) CurveP256] connIndex=0 event=0 ip=198.41.192.107
2026-05-31T07:35:55Z ERR failed to run the datagram handler error="context canceled" connIndex=0 event=0 ip=198.41.192.107
2026-05-31T07:35:55Z ERR failed to serve tunnel connection error="control stream encountered a failure while serving" connIndex=0 event=0 ip=198.41.192.107
2026-05-31T07:35:55Z ERR Serve tunnel error error="control stream encountered a failure while serving" connIndex=0 event=0 ip=198.41.192.107
2026-05-31T07:35:55Z INF Retrying connection in up to 1m4s connIndex=0 event=0 ip=198.41.192.107
2026-05-31T07:35:57Z INF Tunnel connection curve preferences: [X25519MLKEM768 CurveID(65074) CurveP256] connIndex=0 event=0 ip=198.41.192.107
2026-05-31T07:35:57Z ERR failed to run the datagram handler error="context canceled" connIndex=0 event=0 ip=198.41.192.107
2026-05-31T07:35:57Z ERR failed to serve tunnel connection error="control stream encountered a failure while serving" connIndex=0 event=0 ip=198.41.192.107
2026-05-31T07:35:57Z ERR Serve tunnel error error="control stream encountered a failure while serving" connIndex=0 event=0 ip=198.41.192.107
2026-05-31T07:35:57Z INF Retrying connection in up to 1m4s connIndex=0 event=0 ip=198.41.192.107
2026-05-31T07:35:57Z INF Tunnel connection curve preferences: [X25519MLKEM768 CurveID(65074) CurveP256] connIndex=0 event=0 ip=198.41.192.107
2026-05-31T07:35:57Z ERR failed to run the datagram handler error="context canceled" connIndex=0 event=0 ip=198.41.192.107
2026-05-31T07:35:57Z ERR failed to serve tunnel connection error="control stream encountered a failure while serving" connIndex=0 event=0 ip=198.41.192.107
2026-05-31T07:35:57Z ERR Serve tunnel error error="control stream encountered a failure while serving" connIndex=0 event=0 ip=198.41.192.107
2026-05-31T07:35:57Z INF Retrying connection in up to 1m4s connIndex=0 event=0 ip=198.41.192.107
2026-05-31T07:36:17Z INF Tunnel connection curve preferences: [X25519MLKEM768 CurveID(65074) CurveP256] connIndex=0 event=0 ip=198.41.192.107
2026-05-31T07:36:17Z ERR failed to run the datagram handler error="context canceled" connIndex=0 event=0 ip=198.41.192.107
2026-05-31T07:36:17Z ERR failed to serve tunnel connection error="control stream encountered a failure while serving" connIndex=0 event=0 ip=198.41.192.107
2026-05-31T07:36:17Z ERR Serve tunnel error error="control stream encountered a failure while serving" connIndex=0 event=0 ip=198.41.192.107
2026-05-31T07:36:17Z INF Retrying connection in up to 1m4s connIndex=0 event=0 ip=198.41.192.107
2026-05-31T07:36:36Z INF Tunnel connection curve preferences: [X25519MLKEM768 CurveID(65074) CurveP256] connIndex=0 event=0 ip=198.41.192.107
2026-05-31T07:36:36Z ERR failed to run the datagram handler error="context canceled" connIndex=0 event=0 ip=198.41.192.107
2026-05-31T07:36:36Z ERR failed to serve tunnel connection error="control stream encountered a failure while serving" connIndex=0 event=0 ip=198.41.192.107
2026-05-31T07:36:36Z ERR Serve tunnel error error="control stream encountered a failure while serving" connIndex=0 event=0 ip=198.41.192.107
2026-05-31T07:36:36Z INF Retrying connection in up to 1m4s connIndex=0 event=0 ip=198.41.192.107
2026-05-31T07:36:44Z INF Tunnel connection curve preferences: [X25519MLKEM768 CurveID(65074) CurveP256] connIndex=0 event=0 ip=198.41.192.107
2026-05-31T07:36:44Z ERR failed to run the datagram handler error="context canceled" connIndex=0 event=0 ip=198.41.192.107
2026-05-31T07:36:44Z ERR failed to serve tunnel connection error="control stream encountered a failure while serving" connIndex=0 event=0 ip=198.41.192.107
2026-05-31T07:36:44Z ERR Serve tunnel error error="control stream encountered a failure while serving" connIndex=0 event=0 ip=198.41.192.107
2026-05-31T07:36:44Z INF Retrying connection in up to 1m4s connIndex=0 event=0 ip=198.41.192.107
2026-05-31T07:37:02Z INF Tunnel connection curve preferences: [X25519MLKEM768 CurveID(65074) CurveP256] connIndex=0 event=0 ip=198.41.192.107
2026-05-31T07:37:03Z ERR failed to run the datagram handler error="context canceled" connIndex=0 event=0 ip=198.41.192.107
2026-05-31T07:37:03Z ERR failed to serve tunnel connection error="control stream encountered a failure while serving" connIndex=0 event=0 ip=198.41.192.107
2026-05-31T07:37:03Z ERR Serve tunnel error error="control stream encountered a failure while serving" connIndex=0 event=0 ip=198.41.192.107
2026-05-31T07:37:03Z INF Retrying connection in up to 1m4s connIndex=0 event=0 ip=198.41.192.107
2026-05-31T07:37:26Z INF Tunnel connection curve preferences: [X25519MLKEM768 CurveID(65074) CurveP256] connIndex=0 event=0 ip=198.41.192.107
2026-05-31T07:37:26Z ERR failed to run the datagram handler error="context canceled" connIndex=0 event=0 ip=198.41.192.107
2026-05-31T07:37:26Z ERR failed to serve tunnel connection error="control stream encountered a failure while serving" connIndex=0 event=0 ip=198.41.192.107
2026-05-31T07:37:26Z ERR Serve tunnel error error="control stream encountered a failure while serving" connIndex=0 event=0 ip=198.41.192.107
2026-05-31T07:37:26Z INF Retrying connection in up to 1m4s connIndex=0 event=0 ip=198.41.192.107
2026-05-31T07:37:46Z INF Tunnel connection curve preferences: [X25519MLKEM768 CurveID(65074) CurveP256] connIndex=0 event=0 ip=198.41.192.107
2026-05-31T07:37:46Z ERR failed to run the datagram handler error="context canceled" connIndex=0 event=0 ip=198.41.192.107
2026-05-31T07:37:46Z ERR failed to serve tunnel connection error="control stream encountered a failure while serving" connIndex=0 event=0 ip=198.41.192.107
2026-05-31T07:37:46Z ERR Serve tunnel error error="control stream encountered a failure while serving" connIndex=0 event=0 ip=198.41.192.107
2026-05-31T07:37:46Z INF Retrying connection in up to 1m4s connIndex=0 event=0 ip=198.41.192.107
2026-05-31T07:37:48Z INF Tunnel connection curve preferences: [X25519MLKEM768 CurveID(65074) CurveP256] connIndex=0 event=0 ip=198.41.192.107
2026-05-31T07:37:48Z ERR failed to run the datagram handler error="context canceled" connIndex=0 event=0 ip=198.41.192.107
2026-05-31T07:37:48Z ERR failed to serve tunnel connection error="control stream encountered a failure while serving" connIndex=0 event=0 ip=198.41.192.107
2026-05-31T07:37:48Z ERR Serve tunnel error error="control stream encountered a failure while serving" connIndex=0 event=0 ip=198.41.192.107
2026-05-31T07:37:48Z INF Retrying connection in up to 1m4s connIndex=0 event=0 ip=198.41.192.107
2026-05-31T07:38:04Z INF Tunnel connection curve preferences: [X25519MLKEM768 CurveID(65074) CurveP256] connIndex=0 event=0 ip=198.41.192.107
2026-05-31T07:38:04Z ERR failed to run the datagram handler error="context canceled" connIndex=0 event=0 ip=198.41.192.107
2026-05-31T07:38:04Z ERR failed to serve tunnel connection error="control stream encountered a failure while serving" connIndex=0 event=0 ip=198.41.192.107
2026-05-31T07:38:04Z ERR Serve tunnel error error="control stream encountered a failure while serving" connIndex=0 event=0 ip=198.41.192.107
2026-05-31T07:38:04Z INF Retrying connection in up to 1m4s connIndex=0 event=0 ip=198.41.192.107
2026-05-31T07:38:25Z INF Tunnel connection curve preferences: [X25519MLKEM768 CurveID(65074) CurveP256] connIndex=0 event=0 ip=198.41.192.107
2026-05-31T07:38:25Z ERR failed to run the datagram handler error="context canceled" connIndex=0 event=0 ip=198.41.192.107
2026-05-31T07:38:25Z ERR failed to serve tunnel connection error="control stream encountered a failure while serving" connIndex=0 event=0 ip=198.41.192.107
2026-05-31T07:38:25Z ERR Serve tunnel error error="control stream encountered a failure while serving" connIndex=0 event=0 ip=198.41.192.107
2026-05-31T07:38:25Z INF Retrying connection in up to 1m4s connIndex=0 event=0 ip=198.41.192.107
2026-05-31T07:38:26Z INF Tunnel connection curve preferences: [X25519MLKEM768 CurveID(65074) CurveP256] connIndex=0 event=0 ip=198.41.192.107
2026-05-31T07:38:26Z ERR failed to run the datagram handler error="context canceled" connIndex=0 event=0 ip=198.41.192.107
2026-05-31T07:38:26Z ERR failed to serve tunnel connection error="control stream encountered a failure while serving" connIndex=0 event=0 ip=198.41.192.107
2026-05-31T07:38:26Z ERR Serve tunnel error error="control stream encountered a failure while serving" connIndex=0 event=0 ip=198.41.192.107
2026-05-31T07:38:26Z INF Retrying connection in up to 1m4s connIndex=0 event=0 ip=198.41.192.107
2026-05-31T07:38:29Z INF Tunnel connection curve preferences: [X25519MLKEM768 CurveID(65074) CurveP256] connIndex=0 event=0 ip=198.41.192.107
2026-05-31T07:38:29Z ERR failed to run the datagram handler error="context canceled" connIndex=0 event=0 ip=198.41.192.107
2026-05-31T07:38:29Z ERR failed to serve tunnel connection error="control stream encountered a failure while serving" connIndex=0 event=0 ip=198.41.192.107
2026-05-31T07:38:29Z ERR Serve tunnel error error="control stream encountered a failure while serving" connIndex=0 event=0 ip=198.41.192.107
2026-05-31T07:38:29Z INF Retrying connection in up to 1m4s connIndex=0 event=0 ip=198.41.192.107
2026-05-31T07:38:44Z INF Tunnel connection curve preferences: [X25519MLKEM768 CurveID(65074) CurveP256] connIndex=0 event=0 ip=198.41.192.107
2026-05-31T07:38:44Z ERR failed to run the datagram handler error="context canceled" connIndex=0 event=0 ip=198.41.192.107
2026-05-31T07:38:44Z ERR failed to serve tunnel connection error="control stream encountered a failure while serving" connIndex=0 event=0 ip=198.41.192.107
2026-05-31T07:38:44Z ERR Serve tunnel error error="control stream encountered a failure while serving" connIndex=0 event=0 ip=198.41.192.107
2026-05-31T07:38:44Z INF Retrying connection in up to 1m4s connIndex=0 event=0 ip=198.41.192.107
2026-05-31T07:38:47Z INF Tunnel connection curve preferences: [X25519MLKEM768 CurveID(65074) CurveP256] connIndex=0 event=0 ip=198.41.192.107
2026-05-31T07:38:47Z ERR failed to run the datagram handler error="context canceled" connIndex=0 event=0 ip=198.41.192.107
2026-05-31T07:38:47Z ERR failed to serve tunnel connection error="control stream encountered a failure while serving" connIndex=0 event=0 ip=198.41.192.107
2026-05-31T07:38:47Z ERR Serve tunnel error error="control stream encountered a failure while serving" connIndex=0 event=0 ip=198.41.192.107
2026-05-31T07:38:47Z INF Retrying connection in up to 1m4s connIndex=0 event=0 ip=198.41.192.107
2026-05-31T07:39:08Z INF Tunnel connection curve preferences: [X25519MLKEM768 CurveID(65074) CurveP256] connIndex=0 event=0 ip=198.41.192.107
2026-05-31T07:39:08Z ERR failed to run the datagram handler error="context canceled" connIndex=0 event=0 ip=198.41.192.107
2026-05-31T07:39:08Z ERR failed to serve tunnel connection error="control stream encountered a failure while serving" connIndex=0 event=0 ip=198.41.192.107
2026-05-31T07:39:08Z ERR Serve tunnel error error="control stream encountered a failure while serving" connIndex=0 event=0 ip=198.41.192.107
2026-05-31T07:39:08Z INF Retrying connection in up to 1m4s connIndex=0 event=0 ip=198.41.192.107
2026-05-31T07:39:14Z INF Tunnel connection curve preferences: [X25519MLKEM768 CurveID(65074) CurveP256] connIndex=0 event=0 ip=198.41.192.107
2026-05-31T07:39:14Z ERR failed to run the datagram handler error="context canceled" connIndex=0 event=0 ip=198.41.192.107
2026-05-31T07:39:14Z ERR failed to serve tunnel connection error="control stream encountered a failure while serving" connIndex=0 event=0 ip=198.41.192.107
2026-05-31T07:39:14Z ERR Serve tunnel error error="control stream encountered a failure while serving" connIndex=0 event=0 ip=198.41.192.107
2026-05-31T07:39:14Z INF Retrying connection in up to 1m4s connIndex=0 event=0 ip=198.41.192.107
2026-05-31T07:39:25Z INF Tunnel connection curve preferences: [X25519MLKEM768 CurveID(65074) CurveP256] connIndex=0 event=0 ip=198.41.192.107
2026-05-31T07:39:25Z ERR failed to run the datagram handler error="context canceled" connIndex=0 event=0 ip=198.41.192.107
2026-05-31T07:39:25Z ERR failed to serve tunnel connection error="control stream encountered a failure while serving" connIndex=0 event=0 ip=198.41.192.107
2026-05-31T07:39:25Z ERR Serve tunnel error error="control stream encountered a failure while serving" connIndex=0 event=0 ip=198.41.192.107
2026-05-31T07:39:25Z INF Retrying connection in up to 1m4s connIndex=0 event=0 ip=198.41.192.107
2026-05-31T07:39:26Z INF Tunnel connection curve preferences: [X25519MLKEM768 CurveID(65074) CurveP256] connIndex=0 event=0 ip=198.41.192.107
2026-05-31T07:39:26Z ERR failed to run the datagram handler error="context canceled" connIndex=0 event=0 ip=198.41.192.107
2026-05-31T07:39:26Z ERR failed to serve tunnel connection error="control stream encountered a failure while serving" connIndex=0 event=0 ip=198.41.192.107
2026-05-31T07:39:26Z ERR Serve tunnel error error="control stream encountered a failure while serving" connIndex=0 event=0 ip=198.41.192.107
2026-05-31T07:39:26Z INF Retrying connection in up to 1m4s connIndex=0 event=0 ip=198.41.192.107
2026-05-31T07:39:38Z INF Tunnel connection curve preferences: [X25519MLKEM768 CurveID(65074) CurveP256] connIndex=0 event=0 ip=198.41.192.107
2026-05-31T07:39:38Z ERR failed to run the datagram handler error="context canceled" connIndex=0 event=0 ip=198.41.192.107
2026-05-31T07:39:38Z ERR failed to serve tunnel connection error="control stream encountered a failure while serving" connIndex=0 event=0 ip=198.41.192.107
2026-05-31T07:39:38Z ERR Serve tunnel error error="control stream encountered a failure while serving" connIndex=0 event=0 ip=198.41.192.107
2026-05-31T07:39:38Z INF Retrying connection in up to 1m4s connIndex=0 event=0 ip=198.41.192.107
2026-05-31T07:39:48Z INF Tunnel connection curve preferences: [X25519MLKEM768 CurveID(65074) CurveP256] connIndex=0 event=0 ip=198.41.192.107
2026-05-31T07:39:48Z ERR failed to run the datagram handler error="context canceled" connIndex=0 event=0 ip=198.41.192.107
2026-05-31T07:39:48Z ERR failed to serve tunnel connection error="control stream encountered a failure while serving" connIndex=0 event=0 ip=198.41.192.107
2026-05-31T07:39:48Z ERR Serve tunnel error error="control stream encountered a failure while serving" connIndex=0 event=0 ip=198.41.192.107
2026-05-31T07:39:48Z INF Retrying connection in up to 1m4s connIndex=0 event=0 ip=198.41.192.107
2026-05-31T07:40:14Z INF Tunnel connection curve preferences: [X25519MLKEM768 CurveID(65074) CurveP256] connIndex=0 event=0 ip=198.41.192.107
2026-05-31T07:40:14Z ERR failed to run the datagram handler error="context canceled" connIndex=0 event=0 ip=198.41.192.107
2026-05-31T07:40:14Z ERR failed to serve tunnel connection error="control stream encountered a failure while serving" connIndex=0 event=0 ip=198.41.192.107
2026-05-31T07:40:14Z ERR Serve tunnel error error="control stream encountered a failure while serving" connIndex=0 event=0 ip=198.41.192.107
2026-05-31T07:40:14Z INF Retrying connection in up to 1m4s connIndex=0 event=0 ip=198.41.192.107
2026-05-31T07:40:28Z INF Tunnel connection curve preferences: [X25519MLKEM768 CurveID(65074) CurveP256] connIndex=0 event=0 ip=198.41.192.107
2026-05-31T07:40:29Z ERR failed to run the datagram handler error="context canceled" connIndex=0 event=0 ip=198.41.192.107
2026-05-31T07:40:29Z ERR failed to serve tunnel connection error="control stream encountered a failure while serving" connIndex=0 event=0 ip=198.41.192.107
2026-05-31T07:40:29Z ERR Serve tunnel error error="control stream encountered a failure while serving" connIndex=0 event=0 ip=198.41.192.107
2026-05-31T07:40:29Z INF Retrying connection in up to 1m4s connIndex=0 event=0 ip=198.41.192.107
2026-05-31T07:40:36Z INF Tunnel connection curve preferences: [X25519MLKEM768 CurveID(65074) CurveP256] connIndex=0 event=0 ip=198.41.192.107
2026-05-31T07:40:36Z ERR failed to run the datagram handler error="context canceled" connIndex=0 event=0 ip=198.41.192.107
2026-05-31T07:40:36Z ERR failed to serve tunnel connection error="control stream encountered a failure while serving" connIndex=0 event=0 ip=198.41.192.107
2026-05-31T07:40:36Z ERR Serve tunnel error error="control stream encountered a failure while serving" connIndex=0 event=0 ip=198.41.192.107
2026-05-31T07:40:36Z INF Retrying connection in up to 1m4s connIndex=0 event=0 ip=198.41.192.107
2026-05-31T07:40:57Z INF Tunnel connection curve preferences: [X25519MLKEM768 CurveID(65074) CurveP256] connIndex=0 event=0 ip=198.41.192.107
2026-05-31T07:40:57Z ERR failed to run the datagram handler error="context canceled" connIndex=0 event=0 ip=198.41.192.107
2026-05-31T07:40:57Z ERR failed to serve tunnel connection error="control stream encountered a failure while serving" connIndex=0 event=0 ip=198.41.192.107
2026-05-31T07:40:57Z ERR Serve tunnel error error="control stream encountered a failure while serving" connIndex=0 event=0 ip=198.41.192.107
2026-05-31T07:40:57Z INF Retrying connection in up to 1m4s connIndex=0 event=0 ip=198.41.192.107
2026-05-31T07:41:25Z INF Tunnel connection curve preferences: [X25519MLKEM768 CurveID(65074) CurveP256] connIndex=0 event=0 ip=198.41.192.107
2026-05-31T07:41:25Z ERR failed to run the datagram handler error="context canceled" connIndex=0 event=0 ip=198.41.192.107
2026-05-31T07:41:25Z ERR failed to serve tunnel connection error="control stream encountered a failure while serving" connIndex=0 event=0 ip=198.41.192.107
2026-05-31T07:41:25Z ERR Serve tunnel error error="control stream encountered a failure while serving" connIndex=0 event=0 ip=198.41.192.107
2026-05-31T07:41:25Z INF Retrying connection in up to 1m4s connIndex=0 event=0 ip=198.41.192.107
2026-05-31T07:41:46Z INF Tunnel connection curve preferences: [X25519MLKEM768 CurveID(65074) CurveP256] connIndex=0 event=0 ip=198.41.192.107
2026-05-31T07:41:47Z ERR failed to run the datagram handler error="context canceled" connIndex=0 event=0 ip=198.41.192.107
2026-05-31T07:41:47Z ERR failed to serve tunnel connection error="control stream encountered a failure while serving" connIndex=0 event=0 ip=198.41.192.107
2026-05-31T07:41:47Z ERR Serve tunnel error error="control stream encountered a failure while serving" connIndex=0 event=0 ip=198.41.192.107
2026-05-31T07:41:47Z INF Retrying connection in up to 1m4s connIndex=0 event=0 ip=198.41.192.107
2026-05-31T07:42:03Z INF Tunnel connection curve preferences: [X25519MLKEM768 CurveID(65074) CurveP256] connIndex=0 event=0 ip=198.41.192.107
2026-05-31T07:42:03Z ERR failed to run the datagram handler error="context canceled" connIndex=0 event=0 ip=198.41.192.107
2026-05-31T07:42:03Z ERR failed to serve tunnel connection error="control stream encountered a failure while serving" connIndex=0 event=0 ip=198.41.192.107
2026-05-31T07:42:03Z ERR Serve tunnel error error="control stream encountered a failure while serving" connIndex=0 event=0 ip=198.41.192.107
2026-05-31T07:42:03Z INF Retrying connection in up to 1m4s connIndex=0 event=0 ip=198.41.192.107
2026-05-31T07:42:09Z INF Tunnel connection curve preferences: [X25519MLKEM768 CurveID(65074) CurveP256] connIndex=0 event=0 ip=198.41.192.107
2026-05-31T07:42:09Z ERR failed to run the datagram handler error="context canceled" connIndex=0 event=0 ip=198.41.192.107
2026-05-31T07:42:09Z ERR failed to serve tunnel connection error="control stream encountered a failure while serving" connIndex=0 event=0 ip=198.41.192.107
2026-05-31T07:42:09Z ERR Serve tunnel error error="control stream encountered a failure while serving" connIndex=0 event=0 ip=198.41.192.107
2026-05-31T07:42:09Z INF Retrying connection in up to 1m4s connIndex=0 event=0 ip=198.41.192.107
2026-05-31T07:42:09Z INF Tunnel connection curve preferences: [X25519MLKEM768 CurveID(65074) CurveP256] connIndex=0 event=0 ip=198.41.192.107
2026-05-31T07:42:09Z ERR failed to run the datagram handler error="context canceled" connIndex=0 event=0 ip=198.41.192.107
2026-05-31T07:42:09Z ERR failed to serve tunnel connection error="control stream encountered a failure while serving" connIndex=0 event=0 ip=198.41.192.107
2026-05-31T07:42:09Z ERR Serve tunnel error error="control stream encountered a failure while serving" connIndex=0 event=0 ip=198.41.192.107
2026-05-31T07:42:09Z INF Retrying connection in up to 1m4s connIndex=0 event=0 ip=198.41.192.107
2026-05-31T07:42:38Z INF Tunnel connection curve preferences: [X25519MLKEM768 CurveID(65074) CurveP256] connIndex=0 event=0 ip=198.41.192.107
2026-05-31T07:42:39Z ERR failed to run the datagram handler error="context canceled" connIndex=0 event=0 ip=198.41.192.107
2026-05-31T07:42:39Z ERR failed to serve tunnel connection error="control stream encountered a failure while serving" connIndex=0 event=0 ip=198.41.192.107
2026-05-31T07:42:39Z ERR Serve tunnel error error="control stream encountered a failure while serving" connIndex=0 event=0 ip=198.41.192.107
2026-05-31T07:42:39Z INF Retrying connection in up to 1m4s connIndex=0 event=0 ip=198.41.192.107
2026-05-31T07:42:42Z INF Tunnel connection curve preferences: [X25519MLKEM768 CurveID(65074) CurveP256] connIndex=0 event=0 ip=198.41.192.107
2026-05-31T07:42:42Z ERR failed to run the datagram handler error="context canceled" connIndex=0 event=0 ip=198.41.192.107
2026-05-31T07:42:42Z ERR failed to serve tunnel connection error="control stream encountered a failure while serving" connIndex=0 event=0 ip=198.41.192.107
2026-05-31T07:42:42Z ERR Serve tunnel error error="control stream encountered a failure while serving" connIndex=0 event=0 ip=198.41.192.107
2026-05-31T07:42:42Z INF Retrying connection in up to 1m4s connIndex=0 event=0 ip=198.41.192.107
2026-05-31T07:42:50Z INF Tunnel connection curve preferences: [X25519MLKEM768 CurveID(65074) CurveP256] connIndex=0 event=0 ip=198.41.192.107
2026-05-31T07:42:50Z ERR failed to run the datagram handler error="context canceled" connIndex=0 event=0 ip=198.41.192.107
2026-05-31T07:42:50Z ERR failed to serve tunnel connection error="control stream encountered a failure while serving" connIndex=0 event=0 ip=198.41.192.107
2026-05-31T07:42:50Z ERR Serve tunnel error error="control stream encountered a failure while serving" connIndex=0 event=0 ip=198.41.192.107
2026-05-31T07:42:50Z INF Retrying connection in up to 1m4s connIndex=0 event=0 ip=198.41.192.107
2026-05-31T07:43:01Z INF Tunnel connection curve preferences: [X25519MLKEM768 CurveID(65074) CurveP256] connIndex=0 event=0 ip=198.41.192.107
2026-05-31T07:43:01Z ERR failed to run the datagram handler error="context canceled" connIndex=0 event=0 ip=198.41.192.107
2026-05-31T07:43:01Z ERR failed to serve tunnel connection error="control stream encountered a failure while serving" connIndex=0 event=0 ip=198.41.192.107
2026-05-31T07:43:01Z ERR Serve tunnel error error="control stream encountered a failure while serving" connIndex=0 event=0 ip=198.41.192.107
2026-05-31T07:43:01Z INF Retrying connection in up to 1m4s connIndex=0 event=0 ip=198.41.192.107
2026-05-31T07:43:11Z INF Tunnel connection curve preferences: [X25519MLKEM768 CurveID(65074) CurveP256] connIndex=0 event=0 ip=198.41.192.107
2026-05-31T07:43:11Z ERR failed to run the datagram handler error="context canceled" connIndex=0 event=0 ip=198.41.192.107
2026-05-31T07:43:11Z ERR failed to serve tunnel connection error="control stream encountered a failure while serving" connIndex=0 event=0 ip=198.41.192.107
2026-05-31T07:43:11Z ERR Serve tunnel error error="control stream encountered a failure while serving" connIndex=0 event=0 ip=198.41.192.107
2026-05-31T07:43:11Z INF Retrying connection in up to 1m4s connIndex=0 event=0 ip=198.41.192.107
2026-05-31T07:43:35Z INF Tunnel connection curve preferences: [X25519MLKEM768 CurveID(65074) CurveP256] connIndex=0 event=0 ip=198.41.192.107
2026-05-31T07:43:35Z ERR failed to run the datagram handler error="context canceled" connIndex=0 event=0 ip=198.41.192.107
2026-05-31T07:43:35Z ERR failed to serve tunnel connection error="control stream encountered a failure while serving" connIndex=0 event=0 ip=198.41.192.107
2026-05-31T07:43:35Z ERR Serve tunnel error error="control stream encountered a failure while serving" connIndex=0 event=0 ip=198.41.192.107
2026-05-31T07:43:35Z INF Retrying connection in up to 1m4s connIndex=0 event=0 ip=198.41.192.107
2026-05-31T07:43:40Z INF Tunnel connection curve preferences: [X25519MLKEM768 CurveID(65074) CurveP256] connIndex=0 event=0 ip=198.41.192.107
2026-05-31T07:43:40Z ERR failed to run the datagram handler error="context canceled" connIndex=0 event=0 ip=198.41.192.107
2026-05-31T07:43:40Z ERR failed to serve tunnel connection error="control stream encountered a failure while serving" connIndex=0 event=0 ip=198.41.192.107
2026-05-31T07:43:40Z ERR Serve tunnel error error="control stream encountered a failure while serving" connIndex=0 event=0 ip=198.41.192.107
2026-05-31T07:43:40Z INF Retrying connection in up to 1m4s connIndex=0 event=0 ip=198.41.192.107
2026-05-31T07:43:49Z INF Tunnel connection curve preferences: [X25519MLKEM768 CurveID(65074) CurveP256] connIndex=0 event=0 ip=198.41.192.107
2026-05-31T07:43:49Z ERR failed to run the datagram handler error="context canceled" connIndex=0 event=0 ip=198.41.192.107
2026-05-31T07:43:49Z ERR failed to serve tunnel connection error="control stream encountered a failure while serving" connIndex=0 event=0 ip=198.41.192.107
2026-05-31T07:43:49Z ERR Serve tunnel error error="control stream encountered a failure while serving" connIndex=0 event=0 ip=198.41.192.107
2026-05-31T07:43:49Z INF Retrying connection in up to 1m4s connIndex=0 event=0 ip=198.41.192.107
2026-05-31T07:44:09Z INF Tunnel connection curve preferences: [X25519MLKEM768 CurveID(65074) CurveP256] connIndex=0 event=0 ip=198.41.192.107
2026-05-31T07:44:09Z ERR failed to run the datagram handler error="context canceled" connIndex=0 event=0 ip=198.41.192.107
2026-05-31T07:44:09Z ERR failed to serve tunnel connection error="control stream encountered a failure while serving" connIndex=0 event=0 ip=198.41.192.107
2026-05-31T07:44:09Z ERR Serve tunnel error error="control stream encountered a failure while serving" connIndex=0 event=0 ip=198.41.192.107
2026-05-31T07:44:09Z INF Retrying connection in up to 1m4s connIndex=0 event=0 ip=198.41.192.107
2026-05-31T07:44:23Z INF Tunnel connection curve preferences: [X25519MLKEM768 CurveID(65074) CurveP256] connIndex=0 event=0 ip=198.41.192.107
2026-05-31T07:44:23Z ERR failed to run the datagram handler error="context canceled" connIndex=0 event=0 ip=198.41.192.107
2026-05-31T07:44:23Z ERR failed to serve tunnel connection error="control stream encountered a failure while serving" connIndex=0 event=0 ip=198.41.192.107
2026-05-31T07:44:23Z ERR Serve tunnel error error="control stream encountered a failure while serving" connIndex=0 event=0 ip=198.41.192.107
2026-05-31T07:44:23Z INF Retrying connection in up to 1m4s connIndex=0 event=0 ip=198.41.192.107
2026-05-31T07:44:55Z INF Tunnel connection curve preferences: [X25519MLKEM768 CurveID(65074) CurveP256] connIndex=0 event=0 ip=198.41.192.107
2026-05-31T07:44:55Z ERR failed to run the datagram handler error="context canceled" connIndex=0 event=0 ip=198.41.192.107
2026-05-31T07:44:55Z ERR failed to serve tunnel connection error="control stream encountered a failure while serving" connIndex=0 event=0 ip=198.41.192.107
2026-05-31T07:44:55Z ERR Serve tunnel error error="control stream encountered a failure while serving" connIndex=0 event=0 ip=198.41.192.107
2026-05-31T07:44:55Z INF Retrying connection in up to 1m4s connIndex=0 event=0 ip=198.41.192.107
2026-05-31T07:45:18Z INF Tunnel connection curve preferences: [X25519MLKEM768 CurveID(65074) CurveP256] connIndex=0 event=0 ip=198.41.192.107
2026-05-31T07:45:18Z ERR failed to run the datagram handler error="context canceled" connIndex=0 event=0 ip=198.41.192.107
2026-05-31T07:45:18Z ERR failed to serve tunnel connection error="control stream encountered a failure while serving" connIndex=0 event=0 ip=198.41.192.107
2026-05-31T07:45:18Z ERR Serve tunnel error error="control stream encountered a failure while serving" connIndex=0 event=0 ip=198.41.192.107
2026-05-31T07:45:18Z INF Retrying connection in up to 1m4s connIndex=0 event=0 ip=198.41.192.107
2026-05-31T07:45:41Z INF Tunnel connection curve preferences: [X25519MLKEM768 CurveID(65074) CurveP256] connIndex=0 event=0 ip=198.41.192.107
2026-05-31T07:45:41Z ERR failed to run the datagram handler error="context canceled" connIndex=0 event=0 ip=198.41.192.107
2026-05-31T07:45:41Z ERR failed to serve tunnel connection error="control stream encountered a failure while serving" connIndex=0 event=0 ip=198.41.192.107
2026-05-31T07:45:41Z ERR Serve tunnel error error="control stream encountered a failure while serving" connIndex=0 event=0 ip=198.41.192.107
2026-05-31T07:45:41Z INF Retrying connection in up to 1m4s connIndex=0 event=0 ip=198.41.192.107
2026-05-31T07:46:10Z INF Tunnel connection curve preferences: [X25519MLKEM768 CurveID(65074) CurveP256] connIndex=0 event=0 ip=198.41.192.107
2026-05-31T07:46:10Z ERR failed to run the datagram handler error="context canceled" connIndex=0 event=0 ip=198.41.192.107
2026-05-31T07:46:10Z ERR failed to serve tunnel connection error="control stream encountered a failure while serving" connIndex=0 event=0 ip=198.41.192.107
2026-05-31T07:46:10Z ERR Serve tunnel error error="control stream encountered a failure while serving" connIndex=0 event=0 ip=198.41.192.107
2026-05-31T07:46:10Z INF Retrying connection in up to 1m4s connIndex=0 event=0 ip=198.41.192.107
2026-05-31T07:46:21Z INF Tunnel connection curve preferences: [X25519MLKEM768 CurveID(65074) CurveP256] connIndex=0 event=0 ip=198.41.192.107
2026-05-31T07:46:21Z ERR failed to run the datagram handler error="context canceled" connIndex=0 event=0 ip=198.41.192.107
2026-05-31T07:46:21Z ERR failed to serve tunnel connection error="control stream encountered a failure while serving" connIndex=0 event=0 ip=198.41.192.107
2026-05-31T07:46:21Z ERR Serve tunnel error error="control stream encountered a failure while serving" connIndex=0 event=0 ip=198.41.192.107
2026-05-31T07:46:21Z INF Retrying connection in up to 1m4s connIndex=0 event=0 ip=198.41.192.107
2026-05-31T07:46:31Z INF Tunnel connection curve preferences: [X25519MLKEM768 CurveID(65074) CurveP256] connIndex=0 event=0 ip=198.41.192.107
2026-05-31T07:46:31Z ERR failed to run the datagram handler error="context canceled" connIndex=0 event=0 ip=198.41.192.107
2026-05-31T07:46:31Z ERR failed to serve tunnel connection error="control stream encountered a failure while serving" connIndex=0 event=0 ip=198.41.192.107
2026-05-31T07:46:31Z ERR Serve tunnel error error="control stream encountered a failure while serving" connIndex=0 event=0 ip=198.41.192.107
2026-05-31T07:46:31Z INF Retrying connection in up to 1m4s connIndex=0 event=0 ip=198.41.192.107
2026-05-31T07:47:02Z INF Tunnel connection curve preferences: [X25519MLKEM768 CurveID(65074) CurveP256] connIndex=0 event=0 ip=198.41.192.107
2026-05-31T07:47:02Z ERR failed to run the datagram handler error="context canceled" connIndex=0 event=0 ip=198.41.192.107
2026-05-31T07:47:02Z ERR failed to serve tunnel connection error="control stream encountered a failure while serving" connIndex=0 event=0 ip=198.41.192.107
2026-05-31T07:47:02Z ERR Serve tunnel error error="control stream encountered a failure while serving" connIndex=0 event=0 ip=198.41.192.107
2026-05-31T07:47:02Z INF Retrying connection in up to 1m4s connIndex=0 event=0 ip=198.41.192.107
2026-05-31T07:47:09Z INF Tunnel connection curve preferences: [X25519MLKEM768 CurveID(65074) CurveP256] connIndex=0 event=0 ip=198.41.192.107
2026-05-31T07:47:09Z ERR failed to run the datagram handler error="context canceled" connIndex=0 event=0 ip=198.41.192.107
2026-05-31T07:47:09Z ERR failed to serve tunnel connection error="control stream encountered a failure while serving" connIndex=0 event=0 ip=198.41.192.107
2026-05-31T07:47:09Z ERR Serve tunnel error error="control stream encountered a failure while serving" connIndex=0 event=0 ip=198.41.192.107
2026-05-31T07:47:09Z INF Retrying connection in up to 1m4s connIndex=0 event=0 ip=198.41.192.107
2026-05-31T07:47:41Z INF Tunnel connection curve preferences: [X25519MLKEM768 CurveID(65074) CurveP256] connIndex=0 event=0 ip=198.41.192.107
2026-05-31T07:47:41Z ERR failed to run the datagram handler error="context canceled" connIndex=0 event=0 ip=198.41.192.107
2026-05-31T07:47:41Z ERR failed to serve tunnel connection error="control stream encountered a failure while serving" connIndex=0 event=0 ip=198.41.192.107
2026-05-31T07:47:41Z ERR Serve tunnel error error="control stream encountered a failure while serving" connIndex=0 event=0 ip=198.41.192.107
2026-05-31T07:47:41Z INF Retrying connection in up to 1m4s connIndex=0 event=0 ip=198.41.192.107
2026-05-31T07:47:59Z INF Tunnel connection curve preferences: [X25519MLKEM768 CurveID(65074) CurveP256] connIndex=0 event=0 ip=198.41.192.107
2026-05-31T07:47:59Z ERR failed to run the datagram handler error="context canceled" connIndex=0 event=0 ip=198.41.192.107
2026-05-31T07:47:59Z ERR failed to serve tunnel connection error="control stream encountered a failure while serving" connIndex=0 event=0 ip=198.41.192.107
2026-05-31T07:47:59Z ERR Serve tunnel error error="control stream encountered a failure while serving" connIndex=0 event=0 ip=198.41.192.107
2026-05-31T07:47:59Z INF Retrying connection in up to 1m4s connIndex=0 event=0 ip=198.41.192.107
2026-05-31T07:48:25Z INF Tunnel connection curve preferences: [X25519MLKEM768 CurveID(65074) CurveP256] connIndex=0 event=0 ip=198.41.192.107
2026-05-31T07:48:25Z ERR failed to run the datagram handler error="context canceled" connIndex=0 event=0 ip=198.41.192.107
2026-05-31T07:48:25Z ERR failed to serve tunnel connection error="control stream encountered a failure while serving" connIndex=0 event=0 ip=198.41.192.107
2026-05-31T07:48:25Z ERR Serve tunnel error error="control stream encountered a failure while serving" connIndex=0 event=0 ip=198.41.192.107
2026-05-31T07:48:25Z INF Retrying connection in up to 1m4s connIndex=0 event=0 ip=198.41.192.107
2026-05-31T07:48:28Z INF Tunnel connection curve preferences: [X25519MLKEM768 CurveID(65074) CurveP256] connIndex=0 event=0 ip=198.41.192.107
2026-05-31T07:48:28Z ERR failed to run the datagram handler error="context canceled" connIndex=0 event=0 ip=198.41.192.107
2026-05-31T07:48:28Z ERR failed to serve tunnel connection error="control stream encountered a failure while serving" connIndex=0 event=0 ip=198.41.192.107
2026-05-31T07:48:28Z ERR Serve tunnel error error="control stream encountered a failure while serving" connIndex=0 event=0 ip=198.41.192.107
2026-05-31T07:48:28Z INF Retrying connection in up to 1m4s connIndex=0 event=0 ip=198.41.192.107
2026-05-31T07:48:49Z INF Tunnel connection curve preferences: [X25519MLKEM768 CurveID(65074) CurveP256] connIndex=0 event=0 ip=198.41.192.107
2026-05-31T07:48:49Z ERR failed to run the datagram handler error="context canceled" connIndex=0 event=0 ip=198.41.192.107
2026-05-31T07:48:49Z ERR failed to serve tunnel connection error="control stream encountered a failure while serving" connIndex=0 event=0 ip=198.41.192.107
2026-05-31T07:48:49Z ERR Serve tunnel error error="control stream encountered a failure while serving" connIndex=0 event=0 ip=198.41.192.107
2026-05-31T07:48:49Z INF Retrying connection in up to 1m4s connIndex=0 event=0 ip=198.41.192.107
2026-05-31T07:48:57Z INF Tunnel connection curve preferences: [X25519MLKEM768 CurveID(65074) CurveP256] connIndex=0 event=0 ip=198.41.192.107
2026-05-31T07:48:57Z ERR failed to run the datagram handler error="context canceled" connIndex=0 event=0 ip=198.41.192.107
2026-05-31T07:48:57Z ERR failed to serve tunnel connection error="control stream encountered a failure while serving" connIndex=0 event=0 ip=198.41.192.107
2026-05-31T07:48:57Z ERR Serve tunnel error error="control stream encountered a failure while serving" connIndex=0 event=0 ip=198.41.192.107
2026-05-31T07:48:57Z INF Retrying connection in up to 1m4s connIndex=0 event=0 ip=198.41.192.107
2026-05-31T07:49:19Z INF Tunnel connection curve preferences: [X25519MLKEM768 CurveID(65074) CurveP256] connIndex=0 event=0 ip=198.41.192.107
2026-05-31T07:49:20Z ERR failed to run the datagram handler error="context canceled" connIndex=0 event=0 ip=198.41.192.107
2026-05-31T07:49:20Z ERR failed to serve tunnel connection error="control stream encountered a failure while serving" connIndex=0 event=0 ip=198.41.192.107
2026-05-31T07:49:20Z ERR Serve tunnel error error="control stream encountered a failure while serving" connIndex=0 event=0 ip=198.41.192.107
2026-05-31T07:49:20Z INF Retrying connection in up to 1m4s connIndex=0 event=0 ip=198.41.192.107
2026-05-31T07:49:26Z INF Tunnel connection curve preferences: [X25519MLKEM768 CurveID(65074) CurveP256] connIndex=0 event=0 ip=198.41.192.107
2026-05-31T07:49:26Z ERR failed to run the datagram handler error="context canceled" connIndex=0 event=0 ip=198.41.192.107
2026-05-31T07:49:26Z ERR failed to serve tunnel connection error="control stream encountered a failure while serving" connIndex=0 event=0 ip=198.41.192.107
2026-05-31T07:49:26Z ERR Serve tunnel error error="control stream encountered a failure while serving" connIndex=0 event=0 ip=198.41.192.107
2026-05-31T07:49:26Z INF Retrying connection in up to 1m4s connIndex=0 event=0 ip=198.41.192.107
2026-05-31T07:49:35Z INF Tunnel connection curve preferences: [X25519MLKEM768 CurveID(65074) CurveP256] connIndex=0 event=0 ip=198.41.192.107
2026-05-31T07:49:35Z ERR failed to run the datagram handler error="context canceled" connIndex=0 event=0 ip=198.41.192.107
2026-05-31T07:49:35Z ERR failed to serve tunnel connection error="control stream encountered a failure while serving" connIndex=0 event=0 ip=198.41.192.107
2026-05-31T07:49:35Z ERR Serve tunnel error error="control stream encountered a failure while serving" connIndex=0 event=0 ip=198.41.192.107
2026-05-31T07:49:35Z INF Retrying connection in up to 1m4s connIndex=0 event=0 ip=198.41.192.107
2026-05-31T07:49:51Z INF Tunnel connection curve preferences: [X25519MLKEM768 CurveID(65074) CurveP256] connIndex=0 event=0 ip=198.41.192.107
2026-05-31T07:49:51Z ERR failed to run the datagram handler error="context canceled" connIndex=0 event=0 ip=198.41.192.107
2026-05-31T07:49:51Z ERR failed to serve tunnel connection error="control stream encountered a failure while serving" connIndex=0 event=0 ip=198.41.192.107
2026-05-31T07:49:51Z ERR Serve tunnel error error="control stream encountered a failure while serving" connIndex=0 event=0 ip=198.41.192.107
2026-05-31T07:49:51Z INF Retrying connection in up to 1m4s connIndex=0 event=0 ip=198.41.192.107
2026-05-31T07:50:18Z INF Tunnel connection curve preferences: [X25519MLKEM768 CurveID(65074) CurveP256] connIndex=0 event=0 ip=198.41.192.107
2026-05-31T07:50:18Z ERR failed to run the datagram handler error="context canceled" connIndex=0 event=0 ip=198.41.192.107
2026-05-31T07:50:18Z ERR failed to serve tunnel connection error="control stream encountered a failure while serving" connIndex=0 event=0 ip=198.41.192.107
2026-05-31T07:50:18Z ERR Serve tunnel error error="control stream encountered a failure while serving" connIndex=0 event=0 ip=198.41.192.107
2026-05-31T07:50:18Z INF Retrying connection in up to 1m4s connIndex=0 event=0 ip=198.41.192.107
2026-05-31T07:50:38Z INF Tunnel connection curve preferences: [X25519MLKEM768 CurveID(65074) CurveP256] connIndex=0 event=0 ip=198.41.192.107
2026-05-31T07:50:38Z ERR failed to run the datagram handler error="context canceled" connIndex=0 event=0 ip=198.41.192.107
2026-05-31T07:50:38Z ERR failed to serve tunnel connection error="control stream encountered a failure while serving" connIndex=0 event=0 ip=198.41.192.107
2026-05-31T07:50:38Z ERR Serve tunnel error error="control stream encountered a failure while serving" connIndex=0 event=0 ip=198.41.192.107
2026-05-31T07:50:38Z INF Retrying connection in up to 1m4s connIndex=0 event=0 ip=198.41.192.107
2026-05-31T07:50:42Z INF Tunnel connection curve preferences: [X25519MLKEM768 CurveID(65074) CurveP256] connIndex=0 event=0 ip=198.41.192.107
2026-05-31T07:50:42Z ERR failed to run the datagram handler error="context canceled" connIndex=0 event=0 ip=198.41.192.107
2026-05-31T07:50:42Z ERR failed to serve tunnel connection error="control stream encountered a failure while serving" connIndex=0 event=0 ip=198.41.192.107
2026-05-31T07:50:42Z ERR Serve tunnel error error="control stream encountered a failure while serving" connIndex=0 event=0 ip=198.41.192.107
2026-05-31T07:50:42Z INF Retrying connection in up to 1m4s connIndex=0 event=0 ip=198.41.192.107
2026-05-31T07:50:57Z INF Tunnel connection curve preferences: [X25519MLKEM768 CurveID(65074) CurveP256] connIndex=0 event=0 ip=198.41.192.107
2026-05-31T07:50:57Z ERR failed to run the datagram handler error="context canceled" connIndex=0 event=0 ip=198.41.192.107
2026-05-31T07:50:57Z ERR failed to serve tunnel connection error="control stream encountered a failure while serving" connIndex=0 event=0 ip=198.41.192.107
2026-05-31T07:50:57Z ERR Serve tunnel error error="control stream encountered a failure while serving" connIndex=0 event=0 ip=198.41.192.107
2026-05-31T07:50:57Z INF Retrying connection in up to 1m4s connIndex=0 event=0 ip=198.41.192.107
2026-05-31T07:51:02Z INF Tunnel connection curve preferences: [X25519MLKEM768 CurveID(65074) CurveP256] connIndex=0 event=0 ip=198.41.192.107
2026-05-31T07:51:02Z ERR failed to run the datagram handler error="context canceled" connIndex=0 event=0 ip=198.41.192.107
2026-05-31T07:51:02Z ERR failed to serve tunnel connection error="control stream encountered a failure while serving" connIndex=0 event=0 ip=198.41.192.107
2026-05-31T07:51:02Z ERR Serve tunnel error error="control stream encountered a failure while serving" connIndex=0 event=0 ip=198.41.192.107
2026-05-31T07:51:02Z INF Retrying connection in up to 1m4s connIndex=0 event=0 ip=198.41.192.107
2026-05-31T07:51:06Z INF Tunnel connection curve preferences: [X25519MLKEM768 CurveID(65074) CurveP256] connIndex=0 event=0 ip=198.41.192.107
2026-05-31T07:51:06Z ERR failed to run the datagram handler error="context canceled" connIndex=0 event=0 ip=198.41.192.107
2026-05-31T07:51:06Z ERR failed to serve tunnel connection error="control stream encountered a failure while serving" connIndex=0 event=0 ip=198.41.192.107
2026-05-31T07:51:06Z ERR Serve tunnel error error="control stream encountered a failure while serving" connIndex=0 event=0 ip=198.41.192.107
2026-05-31T07:51:06Z INF Retrying connection in up to 1m4s connIndex=0 event=0 ip=198.41.192.107
2026-05-31T07:51:23Z INF Tunnel connection curve preferences: [X25519MLKEM768 CurveID(65074) CurveP256] connIndex=0 event=0 ip=198.41.192.107
2026-05-31T07:51:23Z ERR failed to run the datagram handler error="context canceled" connIndex=0 event=0 ip=198.41.192.107
2026-05-31T07:51:23Z ERR failed to serve tunnel connection error="control stream encountered a failure while serving" connIndex=0 event=0 ip=198.41.192.107
2026-05-31T07:51:23Z ERR Serve tunnel error error="control stream encountered a failure while serving" connIndex=0 event=0 ip=198.41.192.107
2026-05-31T07:51:23Z INF Retrying connection in up to 1m4s connIndex=0 event=0 ip=198.41.192.107
2026-05-31T07:51:36Z INF Tunnel connection curve preferences: [X25519MLKEM768 CurveID(65074) CurveP256] connIndex=0 event=0 ip=198.41.192.107
2026-05-31T07:51:36Z ERR failed to run the datagram handler error="context canceled" connIndex=0 event=0 ip=198.41.192.107
2026-05-31T07:51:36Z ERR failed to serve tunnel connection error="control stream encountered a failure while serving" connIndex=0 event=0 ip=198.41.192.107
2026-05-31T07:51:36Z ERR Serve tunnel error error="control stream encountered a failure while serving" connIndex=0 event=0 ip=198.41.192.107
2026-05-31T07:51:36Z INF Retrying connection in up to 1m4s connIndex=0 event=0 ip=198.41.192.107
2026-05-31T07:51:45Z INF Tunnel connection curve preferences: [X25519MLKEM768 CurveID(65074) CurveP256] connIndex=0 event=0 ip=198.41.192.107
2026-05-31T07:51:45Z ERR failed to run the datagram handler error="context canceled" connIndex=0 event=0 ip=198.41.192.107
2026-05-31T07:51:45Z ERR failed to serve tunnel connection error="control stream encountered a failure while serving" connIndex=0 event=0 ip=198.41.192.107
2026-05-31T07:51:45Z ERR Serve tunnel error error="control stream encountered a failure while serving" connIndex=0 event=0 ip=198.41.192.107
2026-05-31T07:51:45Z INF Retrying connection in up to 1m4s connIndex=0 event=0 ip=198.41.192.107
2026-05-31T07:52:11Z INF Tunnel connection curve preferences: [X25519MLKEM768 CurveID(65074) CurveP256] connIndex=0 event=0 ip=198.41.192.107
2026-05-31T07:52:11Z ERR failed to run the datagram handler error="context canceled" connIndex=0 event=0 ip=198.41.192.107
2026-05-31T07:52:11Z ERR failed to serve tunnel connection error="control stream encountered a failure while serving" connIndex=0 event=0 ip=198.41.192.107
2026-05-31T07:52:11Z ERR Serve tunnel error error="control stream encountered a failure while serving" connIndex=0 event=0 ip=198.41.192.107
2026-05-31T07:52:11Z INF Retrying connection in up to 1m4s connIndex=0 event=0 ip=198.41.192.107
2026-05-31T07:52:15Z INF Tunnel connection curve preferences: [X25519MLKEM768 CurveID(65074) CurveP256] connIndex=0 event=0 ip=198.41.192.107
2026-05-31T07:52:15Z ERR failed to run the datagram handler error="context canceled" connIndex=0 event=0 ip=198.41.192.107
2026-05-31T07:52:15Z ERR failed to serve tunnel connection error="control stream encountered a failure while serving" connIndex=0 event=0 ip=198.41.192.107
2026-05-31T07:52:15Z ERR Serve tunnel error error="control stream encountered a failure while serving" connIndex=0 event=0 ip=198.41.192.107
2026-05-31T07:52:15Z INF Retrying connection in up to 1m4s connIndex=0 event=0 ip=198.41.192.107
2026-05-31T07:52:26Z INF Tunnel connection curve preferences: [X25519MLKEM768 CurveID(65074) CurveP256] connIndex=0 event=0 ip=198.41.192.107
2026-05-31T07:52:26Z ERR failed to run the datagram handler error="context canceled" connIndex=0 event=0 ip=198.41.192.107
2026-05-31T07:52:26Z ERR failed to serve tunnel connection error="control stream encountered a failure while serving" connIndex=0 event=0 ip=198.41.192.107
2026-05-31T07:52:26Z ERR Serve tunnel error error="control stream encountered a failure while serving" connIndex=0 event=0 ip=198.41.192.107
2026-05-31T07:52:26Z INF Retrying connection in up to 1m4s connIndex=0 event=0 ip=198.41.192.107
2026-05-31T07:52:28Z INF Tunnel connection curve preferences: [X25519MLKEM768 CurveID(65074) CurveP256] connIndex=0 event=0 ip=198.41.192.107
2026-05-31T07:52:28Z ERR failed to run the datagram handler error="context canceled" connIndex=0 event=0 ip=198.41.192.107
2026-05-31T07:52:28Z ERR failed to serve tunnel connection error="control stream encountered a failure while serving" connIndex=0 event=0 ip=198.41.192.107
2026-05-31T07:52:28Z ERR Serve tunnel error error="control stream encountered a failure while serving" connIndex=0 event=0 ip=198.41.192.107
2026-05-31T07:52:28Z INF Retrying connection in up to 1m4s connIndex=0 event=0 ip=198.41.192.107
2026-05-31T07:52:44Z INF Tunnel connection curve preferences: [X25519MLKEM768 CurveID(65074) CurveP256] connIndex=0 event=0 ip=198.41.192.107
2026-05-31T07:52:44Z ERR failed to run the datagram handler error="context canceled" connIndex=0 event=0 ip=198.41.192.107
2026-05-31T07:52:44Z ERR failed to serve tunnel connection error="control stream encountered a failure while serving" connIndex=0 event=0 ip=198.41.192.107
2026-05-31T07:52:44Z ERR Serve tunnel error error="control stream encountered a failure while serving" connIndex=0 event=0 ip=198.41.192.107
2026-05-31T07:52:44Z INF Retrying connection in up to 1m4s connIndex=0 event=0 ip=198.41.192.107
2026-05-31T07:52:59Z INF Tunnel connection curve preferences: [X25519MLKEM768 CurveID(65074) CurveP256] connIndex=0 event=0 ip=198.41.192.107
2026-05-31T07:52:59Z ERR failed to run the datagram handler error="context canceled" connIndex=0 event=0 ip=198.41.192.107
2026-05-31T07:52:59Z ERR failed to serve tunnel connection error="control stream encountered a failure while serving" connIndex=0 event=0 ip=198.41.192.107
2026-05-31T07:52:59Z ERR Serve tunnel error error="control stream encountered a failure while serving" connIndex=0 event=0 ip=198.41.192.107
2026-05-31T07:52:59Z INF Retrying connection in up to 1m4s connIndex=0 event=0 ip=198.41.192.107
2026-05-31T07:53:00Z INF Tunnel connection curve preferences: [X25519MLKEM768 CurveID(65074) CurveP256] connIndex=0 event=0 ip=198.41.192.107
2026-05-31T07:53:00Z ERR failed to run the datagram handler error="context canceled" connIndex=0 event=0 ip=198.41.192.107
2026-05-31T07:53:00Z ERR failed to serve tunnel connection error="control stream encountered a failure while serving" connIndex=0 event=0 ip=198.41.192.107
2026-05-31T07:53:00Z ERR Serve tunnel error error="control stream encountered a failure while serving" connIndex=0 event=0 ip=198.41.192.107
2026-05-31T07:53:00Z INF Retrying connection in up to 1m4s connIndex=0 event=0 ip=198.41.192.107
2026-05-31T07:53:31Z INF Tunnel connection curve preferences: [X25519MLKEM768 CurveID(65074) CurveP256] connIndex=0 event=0 ip=198.41.192.107
2026-05-31T07:53:31Z ERR failed to run the datagram handler error="context canceled" connIndex=0 event=0 ip=198.41.192.107
2026-05-31T07:53:31Z ERR failed to serve tunnel connection error="control stream encountered a failure while serving" connIndex=0 event=0 ip=198.41.192.107
2026-05-31T07:53:31Z ERR Serve tunnel error error="control stream encountered a failure while serving" connIndex=0 event=0 ip=198.41.192.107
2026-05-31T07:53:31Z INF Retrying connection in up to 1m4s connIndex=0 event=0 ip=198.41.192.107
2026-05-31T07:54:01Z INF Tunnel connection curve preferences: [X25519MLKEM768 CurveID(65074) CurveP256] connIndex=0 event=0 ip=198.41.192.107
2026-05-31T07:54:01Z ERR failed to run the datagram handler error="context canceled" connIndex=0 event=0 ip=198.41.192.107
2026-05-31T07:54:01Z ERR failed to serve tunnel connection error="control stream encountered a failure while serving" connIndex=0 event=0 ip=198.41.192.107
2026-05-31T07:54:01Z ERR Serve tunnel error error="control stream encountered a failure while serving" connIndex=0 event=0 ip=198.41.192.107
2026-05-31T07:54:01Z INF Retrying connection in up to 1m4s connIndex=0 event=0 ip=198.41.192.107
2026-05-31T07:54:15Z INF Tunnel connection curve preferences: [X25519MLKEM768 CurveID(65074) CurveP256] connIndex=0 event=0 ip=198.41.192.107
2026-05-31T07:54:15Z ERR failed to run the datagram handler error="context canceled" connIndex=0 event=0 ip=198.41.192.107
2026-05-31T07:54:15Z ERR failed to serve tunnel connection error="control stream encountered a failure while serving" connIndex=0 event=0 ip=198.41.192.107
2026-05-31T07:54:15Z ERR Serve tunnel error error="control stream encountered a failure while serving" connIndex=0 event=0 ip=198.41.192.107
2026-05-31T07:54:15Z INF Retrying connection in up to 1m4s connIndex=0 event=0 ip=198.41.192.107
2026-05-31T07:54:45Z INF Tunnel connection curve preferences: [X25519MLKEM768 CurveID(65074) CurveP256] connIndex=0 event=0 ip=198.41.192.107
2026-05-31T07:54:45Z ERR failed to run the datagram handler error="context canceled" connIndex=0 event=0 ip=198.41.192.107
2026-05-31T07:54:45Z ERR failed to serve tunnel connection error="control stream encountered a failure while serving" connIndex=0 event=0 ip=198.41.192.107
2026-05-31T07:54:45Z ERR Serve tunnel error error="control stream encountered a failure while serving" connIndex=0 event=0 ip=198.41.192.107
2026-05-31T07:54:45Z INF Retrying connection in up to 1m4s connIndex=0 event=0 ip=198.41.192.107
2026-05-31T07:54:46Z INF Tunnel connection curve preferences: [X25519MLKEM768 CurveID(65074) CurveP256] connIndex=0 event=0 ip=198.41.192.107
2026-05-31T07:54:46Z ERR failed to run the datagram handler error="context canceled" connIndex=0 event=0 ip=198.41.192.107
2026-05-31T07:54:46Z ERR failed to serve tunnel connection error="control stream encountered a failure while serving" connIndex=0 event=0 ip=198.41.192.107
2026-05-31T07:54:46Z ERR Serve tunnel error error="control stream encountered a failure while serving" connIndex=0 event=0 ip=198.41.192.107
2026-05-31T07:54:46Z INF Retrying connection in up to 1m4s connIndex=0 event=0 ip=198.41.192.107
2026-05-31T07:55:09Z INF Tunnel connection curve preferences: [X25519MLKEM768 CurveID(65074) CurveP256] connIndex=0 event=0 ip=198.41.192.107
2026-05-31T07:55:09Z ERR failed to run the datagram handler error="context canceled" connIndex=0 event=0 ip=198.41.192.107
2026-05-31T07:55:09Z ERR failed to serve tunnel connection error="control stream encountered a failure while serving" connIndex=0 event=0 ip=198.41.192.107
2026-05-31T07:55:09Z ERR Serve tunnel error error="control stream encountered a failure while serving" connIndex=0 event=0 ip=198.41.192.107
2026-05-31T07:55:09Z INF Retrying connection in up to 1m4s connIndex=0 event=0 ip=198.41.192.107
2026-05-31T07:55:22Z INF Tunnel connection curve preferences: [X25519MLKEM768 CurveID(65074) CurveP256] connIndex=0 event=0 ip=198.41.192.107
2026-05-31T07:55:22Z ERR failed to run the datagram handler error="context canceled" connIndex=0 event=0 ip=198.41.192.107
2026-05-31T07:55:22Z ERR failed to serve tunnel connection error="control stream encountered a failure while serving" connIndex=0 event=0 ip=198.41.192.107
2026-05-31T07:55:22Z ERR Serve tunnel error error="control stream encountered a failure while serving" connIndex=0 event=0 ip=198.41.192.107
2026-05-31T07:55:22Z INF Retrying connection in up to 1m4s connIndex=0 event=0 ip=198.41.192.107
2026-05-31T07:55:39Z INF Tunnel connection curve preferences: [X25519MLKEM768 CurveID(65074) CurveP256] connIndex=0 event=0 ip=198.41.192.107
2026-05-31T07:55:40Z ERR failed to run the datagram handler error="context canceled" connIndex=0 event=0 ip=198.41.192.107
2026-05-31T07:55:40Z ERR failed to serve tunnel connection error="control stream encountered a failure while serving" connIndex=0 event=0 ip=198.41.192.107
2026-05-31T07:55:40Z ERR Serve tunnel error error="control stream encountered a failure while serving" connIndex=0 event=0 ip=198.41.192.107
2026-05-31T07:55:40Z INF Retrying connection in up to 1m4s connIndex=0 event=0 ip=198.41.192.107
2026-05-31T07:55:44Z INF Tunnel connection curve preferences: [X25519MLKEM768 CurveID(65074) CurveP256] connIndex=0 event=0 ip=198.41.192.107
2026-05-31T07:55:45Z ERR failed to run the datagram handler error="context canceled" connIndex=0 event=0 ip=198.41.192.107
2026-05-31T07:55:45Z ERR failed to serve tunnel connection error="control stream encountered a failure while serving" connIndex=0 event=0 ip=198.41.192.107
2026-05-31T07:55:45Z ERR Serve tunnel error error="control stream encountered a failure while serving" connIndex=0 event=0 ip=198.41.192.107
2026-05-31T07:55:45Z INF Retrying connection in up to 1m4s connIndex=0 event=0 ip=198.41.192.107
2026-05-31T07:55:58Z INF Tunnel connection curve preferences: [X25519MLKEM768 CurveID(65074) CurveP256] connIndex=0 event=0 ip=198.41.192.107
2026-05-31T07:55:58Z ERR failed to run the datagram handler error="context canceled" connIndex=0 event=0 ip=198.41.192.107
2026-05-31T07:55:58Z ERR failed to serve tunnel connection error="control stream encountered a failure while serving" connIndex=0 event=0 ip=198.41.192.107
2026-05-31T07:55:58Z ERR Serve tunnel error error="control stream encountered a failure while serving" connIndex=0 event=0 ip=198.41.192.107
2026-05-31T07:55:58Z INF Retrying connection in up to 1m4s connIndex=0 event=0 ip=198.41.192.107
2026-05-31T07:56:12Z INF Tunnel connection curve preferences: [X25519MLKEM768 CurveID(65074) CurveP256] connIndex=0 event=0 ip=198.41.192.107
2026-05-31T07:56:12Z ERR failed to run the datagram handler error="context canceled" connIndex=0 event=0 ip=198.41.192.107
2026-05-31T07:56:12Z ERR failed to serve tunnel connection error="control stream encountered a failure while serving" connIndex=0 event=0 ip=198.41.192.107
2026-05-31T07:56:12Z ERR Serve tunnel error error="control stream encountered a failure while serving" connIndex=0 event=0 ip=198.41.192.107
2026-05-31T07:56:12Z INF Retrying connection in up to 1m4s connIndex=0 event=0 ip=198.41.192.107
2026-05-31T07:56:21Z INF Tunnel connection curve preferences: [X25519MLKEM768 CurveID(65074) CurveP256] connIndex=0 event=0 ip=198.41.192.107
2026-05-31T07:56:21Z ERR failed to run the datagram handler error="context canceled" connIndex=0 event=0 ip=198.41.192.107
2026-05-31T07:56:21Z ERR failed to serve tunnel connection error="control stream encountered a failure while serving" connIndex=0 event=0 ip=198.41.192.107
2026-05-31T07:56:21Z ERR Serve tunnel error error="control stream encountered a failure while serving" connIndex=0 event=0 ip=198.41.192.107
2026-05-31T07:56:21Z INF Retrying connection in up to 1m4s connIndex=0 event=0 ip=198.41.192.107
2026-05-31T07:56:45Z INF Tunnel connection curve preferences: [X25519MLKEM768 CurveID(65074) CurveP256] connIndex=0 event=0 ip=198.41.192.107
2026-05-31T07:56:45Z ERR failed to run the datagram handler error="context canceled" connIndex=0 event=0 ip=198.41.192.107
2026-05-31T07:56:45Z ERR failed to serve tunnel connection error="control stream encountered a failure while serving" connIndex=0 event=0 ip=198.41.192.107
2026-05-31T07:56:45Z ERR Serve tunnel error error="control stream encountered a failure while serving" connIndex=0 event=0 ip=198.41.192.107
2026-05-31T07:56:45Z INF Retrying connection in up to 1m4s connIndex=0 event=0 ip=198.41.192.107
2026-05-31T07:57:09Z INF Tunnel connection curve preferences: [X25519MLKEM768 CurveID(65074) CurveP256] connIndex=0 event=0 ip=198.41.192.107
2026-05-31T07:57:09Z ERR failed to run the datagram handler error="context canceled" connIndex=0 event=0 ip=198.41.192.107
2026-05-31T07:57:09Z ERR failed to serve tunnel connection error="control stream encountered a failure while serving" connIndex=0 event=0 ip=198.41.192.107
2026-05-31T07:57:09Z ERR Serve tunnel error error="control stream encountered a failure while serving" connIndex=0 event=0 ip=198.41.192.107
2026-05-31T07:57:09Z INF Retrying connection in up to 1m4s connIndex=0 event=0 ip=198.41.192.107
2026-05-31T07:57:26Z INF Tunnel connection curve preferences: [X25519MLKEM768 CurveID(65074) CurveP256] connIndex=0 event=0 ip=198.41.192.107
2026-05-31T07:57:26Z ERR failed to run the datagram handler error="context canceled" connIndex=0 event=0 ip=198.41.192.107
2026-05-31T07:57:26Z ERR failed to serve tunnel connection error="control stream encountered a failure while serving" connIndex=0 event=0 ip=198.41.192.107
2026-05-31T07:57:26Z ERR Serve tunnel error error="control stream encountered a failure while serving" connIndex=0 event=0 ip=198.41.192.107
2026-05-31T07:57:26Z INF Retrying connection in up to 1m4s connIndex=0 event=0 ip=198.41.192.107
2026-05-31T07:57:55Z INF Tunnel connection curve preferences: [X25519MLKEM768 CurveID(65074) CurveP256] connIndex=0 event=0 ip=198.41.192.107
2026-05-31T07:57:55Z ERR failed to run the datagram handler error="context canceled" connIndex=0 event=0 ip=198.41.192.107
2026-05-31T07:57:55Z ERR failed to serve tunnel connection error="control stream encountered a failure while serving" connIndex=0 event=0 ip=198.41.192.107
2026-05-31T07:57:55Z ERR Serve tunnel error error="control stream encountered a failure while serving" connIndex=0 event=0 ip=198.41.192.107
2026-05-31T07:57:55Z INF Retrying connection in up to 1m4s connIndex=0 event=0 ip=198.41.192.107
2026-05-31T07:58:10Z INF Tunnel connection curve preferences: [X25519MLKEM768 CurveID(65074) CurveP256] connIndex=0 event=0 ip=198.41.192.107
2026-05-31T07:58:10Z ERR failed to run the datagram handler error="context canceled" connIndex=0 event=0 ip=198.41.192.107
2026-05-31T07:58:10Z ERR failed to serve tunnel connection error="control stream encountered a failure while serving" connIndex=0 event=0 ip=198.41.192.107
2026-05-31T07:58:10Z ERR Serve tunnel error error="control stream encountered a failure while serving" connIndex=0 event=0 ip=198.41.192.107
2026-05-31T07:58:10Z INF Retrying connection in up to 1m4s connIndex=0 event=0 ip=198.41.192.107
2026-05-31T07:58:28Z INF Tunnel connection curve preferences: [X25519MLKEM768 CurveID(65074) CurveP256] connIndex=0 event=0 ip=198.41.192.107
2026-05-31T07:58:28Z ERR failed to run the datagram handler error="context canceled" connIndex=0 event=0 ip=198.41.192.107
2026-05-31T07:58:28Z ERR failed to serve tunnel connection error="control stream encountered a failure while serving" connIndex=0 event=0 ip=198.41.192.107
2026-05-31T07:58:28Z ERR Serve tunnel error error="control stream encountered a failure while serving" connIndex=0 event=0 ip=198.41.192.107
2026-05-31T07:58:28Z INF Retrying connection in up to 1m4s connIndex=0 event=0 ip=198.41.192.107
2026-05-31T07:58:43Z INF Tunnel connection curve preferences: [X25519MLKEM768 CurveID(65074) CurveP256] connIndex=0 event=0 ip=198.41.192.107
2026-05-31T07:58:43Z ERR failed to run the datagram handler error="context canceled" connIndex=0 event=0 ip=198.41.192.107
2026-05-31T07:58:43Z ERR failed to serve tunnel connection error="control stream encountered a failure while serving" connIndex=0 event=0 ip=198.41.192.107
2026-05-31T07:58:43Z ERR Serve tunnel error error="control stream encountered a failure while serving" connIndex=0 event=0 ip=198.41.192.107
2026-05-31T07:58:43Z INF Retrying connection in up to 1m4s connIndex=0 event=0 ip=198.41.192.107
2026-05-31T07:58:53Z INF Tunnel connection curve preferences: [X25519MLKEM768 CurveID(65074) CurveP256] connIndex=0 event=0 ip=198.41.192.107
2026-05-31T07:58:53Z ERR failed to run the datagram handler error="context canceled" connIndex=0 event=0 ip=198.41.192.107
2026-05-31T07:58:53Z ERR failed to serve tunnel connection error="control stream encountered a failure while serving" connIndex=0 event=0 ip=198.41.192.107
2026-05-31T07:58:53Z ERR Serve tunnel error error="control stream encountered a failure while serving" connIndex=0 event=0 ip=198.41.192.107
2026-05-31T07:58:53Z INF Retrying connection in up to 1m4s connIndex=0 event=0 ip=198.41.192.107
2026-05-31T07:59:20Z INF Tunnel connection curve preferences: [X25519MLKEM768 CurveID(65074) CurveP256] connIndex=0 event=0 ip=198.41.192.107
2026-05-31T07:59:20Z ERR failed to run the datagram handler error="context canceled" connIndex=0 event=0 ip=198.41.192.107
2026-05-31T07:59:20Z ERR failed to serve tunnel connection error="control stream encountered a failure while serving" connIndex=0 event=0 ip=198.41.192.107
2026-05-31T07:59:20Z ERR Serve tunnel error error="control stream encountered a failure while serving" connIndex=0 event=0 ip=198.41.192.107
2026-05-31T07:59:20Z INF Retrying connection in up to 1m4s connIndex=0 event=0 ip=198.41.192.107
2026-05-31T08:06:33Z INF Tunnel connection curve preferences: [X25519MLKEM768 CurveID(65074) CurveP256] connIndex=0 event=0 ip=198.41.192.107
2026-05-31T08:06:33Z ERR failed to run the datagram handler error="context canceled" connIndex=0 event=0 ip=198.41.192.107
2026-05-31T08:06:33Z ERR failed to serve tunnel connection error="control stream encountered a failure while serving" connIndex=0 event=0 ip=198.41.192.107
2026-05-31T08:06:33Z ERR Serve tunnel error error="control stream encountered a failure while serving" connIndex=0 event=0 ip=198.41.192.107
2026-05-31T08:06:33Z INF Retrying connection in up to 1m4s connIndex=0 event=0 ip=198.41.192.107
2026-05-31T08:06:37Z INF Tunnel connection curve preferences: [X25519MLKEM768 CurveID(65074) CurveP256] connIndex=0 event=0 ip=198.41.192.107
2026-05-31T08:06:37Z ERR failed to run the datagram handler error="context canceled" connIndex=0 event=0 ip=198.41.192.107
2026-05-31T08:06:37Z ERR failed to serve tunnel connection error="control stream encountered a failure while serving" connIndex=0 event=0 ip=198.41.192.107
2026-05-31T08:06:37Z ERR Serve tunnel error error="control stream encountered a failure while serving" connIndex=0 event=0 ip=198.41.192.107
2026-05-31T08:06:37Z INF Retrying connection in up to 1m4s connIndex=0 event=0 ip=198.41.192.107
2026-05-31T08:06:59Z INF Tunnel connection curve preferences: [X25519MLKEM768 CurveID(65074) CurveP256] connIndex=0 event=0 ip=198.41.192.107
2026-05-31T08:06:59Z ERR failed to run the datagram handler error="context canceled" connIndex=0 event=0 ip=198.41.192.107
2026-05-31T08:06:59Z ERR failed to serve tunnel connection error="control stream encountered a failure while serving" connIndex=0 event=0 ip=198.41.192.107
2026-05-31T08:06:59Z ERR Serve tunnel error error="control stream encountered a failure while serving" connIndex=0 event=0 ip=198.41.192.107
2026-05-31T08:06:59Z INF Retrying connection in up to 1m4s connIndex=0 event=0 ip=198.41.192.107
2026-05-31T08:07:24Z INF Tunnel connection curve preferences: [X25519MLKEM768 CurveID(65074) CurveP256] connIndex=0 event=0 ip=198.41.192.107
2026-05-31T08:07:24Z ERR failed to run the datagram handler error="context canceled" connIndex=0 event=0 ip=198.41.192.107
2026-05-31T08:07:24Z ERR failed to serve tunnel connection error="control stream encountered a failure while serving" connIndex=0 event=0 ip=198.41.192.107
2026-05-31T08:07:24Z ERR Serve tunnel error error="control stream encountered a failure while serving" connIndex=0 event=0 ip=198.41.192.107
2026-05-31T08:07:24Z INF Retrying connection in up to 1m4s connIndex=0 event=0 ip=198.41.192.107
2026-05-31T08:07:45Z INF Tunnel connection curve preferences: [X25519MLKEM768 CurveID(65074) CurveP256] connIndex=0 event=0 ip=198.41.192.107
2026-05-31T08:07:45Z ERR failed to run the datagram handler error="context canceled" connIndex=0 event=0 ip=198.41.192.107
2026-05-31T08:07:45Z ERR failed to serve tunnel connection error="control stream encountered a failure while serving" connIndex=0 event=0 ip=198.41.192.107
2026-05-31T08:07:45Z ERR Serve tunnel error error="control stream encountered a failure while serving" connIndex=0 event=0 ip=198.41.192.107
2026-05-31T08:07:45Z INF Retrying connection in up to 1m4s connIndex=0 event=0 ip=198.41.192.107
2026-05-31T08:07:54Z INF Tunnel connection curve preferences: [X25519MLKEM768 CurveID(65074) CurveP256] connIndex=0 event=0 ip=198.41.192.107
2026-05-31T08:07:54Z ERR failed to run the datagram handler error="context canceled" connIndex=0 event=0 ip=198.41.192.107
2026-05-31T08:07:54Z ERR failed to serve tunnel connection error="control stream encountered a failure while serving" connIndex=0 event=0 ip=198.41.192.107
2026-05-31T08:07:54Z ERR Serve tunnel error error="control stream encountered a failure while serving" connIndex=0 event=0 ip=198.41.192.107
2026-05-31T08:07:54Z INF Retrying connection in up to 1m4s connIndex=0 event=0 ip=198.41.192.107
2026-05-31T08:08:10Z INF Tunnel connection curve preferences: [X25519MLKEM768 CurveID(65074) CurveP256] connIndex=0 event=0 ip=198.41.192.107
2026-05-31T08:08:10Z ERR failed to run the datagram handler error="context canceled" connIndex=0 event=0 ip=198.41.192.107
2026-05-31T08:08:10Z ERR failed to serve tunnel connection error="control stream encountered a failure while serving" connIndex=0 event=0 ip=198.41.192.107
2026-05-31T08:08:10Z ERR Serve tunnel error error="control stream encountered a failure while serving" connIndex=0 event=0 ip=198.41.192.107
2026-05-31T08:08:10Z INF Retrying connection in up to 1m4s connIndex=0 event=0 ip=198.41.192.107
2026-05-31T08:08:10Z INF Tunnel connection curve preferences: [X25519MLKEM768 CurveID(65074) CurveP256] connIndex=0 event=0 ip=198.41.192.107
2026-05-31T08:08:10Z ERR failed to run the datagram handler error="context canceled" connIndex=0 event=0 ip=198.41.192.107
2026-05-31T08:08:10Z ERR failed to serve tunnel connection error="control stream encountered a failure while serving" connIndex=0 event=0 ip=198.41.192.107
2026-05-31T08:08:10Z ERR Serve tunnel error error="control stream encountered a failure while serving" connIndex=0 event=0 ip=198.41.192.107
2026-05-31T08:08:10Z INF Retrying connection in up to 1m4s connIndex=0 event=0 ip=198.41.192.107
2026-05-31T08:08:31Z INF Tunnel connection curve preferences: [X25519MLKEM768 CurveID(65074) CurveP256] connIndex=0 event=0 ip=198.41.192.107
2026-05-31T08:08:31Z ERR failed to run the datagram handler error="context canceled" connIndex=0 event=0 ip=198.41.192.107
2026-05-31T08:08:31Z ERR failed to serve tunnel connection error="control stream encountered a failure while serving" connIndex=0 event=0 ip=198.41.192.107
2026-05-31T08:08:31Z ERR Serve tunnel error error="control stream encountered a failure while serving" connIndex=0 event=0 ip=198.41.192.107
2026-05-31T08:08:31Z INF Retrying connection in up to 1m4s connIndex=0 event=0 ip=198.41.192.107
2026-05-31T08:08:51Z INF Tunnel connection curve preferences: [X25519MLKEM768 CurveID(65074) CurveP256] connIndex=0 event=0 ip=198.41.192.107
2026-05-31T08:08:51Z ERR failed to run the datagram handler error="context canceled" connIndex=0 event=0 ip=198.41.192.107
2026-05-31T08:08:51Z ERR failed to serve tunnel connection error="control stream encountered a failure while serving" connIndex=0 event=0 ip=198.41.192.107
2026-05-31T08:08:51Z ERR Serve tunnel error error="control stream encountered a failure while serving" connIndex=0 event=0 ip=198.41.192.107
2026-05-31T08:08:51Z INF Retrying connection in up to 1m4s connIndex=0 event=0 ip=198.41.192.107
2026-05-31T08:09:20Z INF Tunnel connection curve preferences: [X25519MLKEM768 CurveID(65074) CurveP256] connIndex=0 event=0 ip=198.41.192.107
2026-05-31T08:09:20Z ERR failed to run the datagram handler error="context canceled" connIndex=0 event=0 ip=198.41.192.107
2026-05-31T08:09:20Z ERR failed to serve tunnel connection error="control stream encountered a failure while serving" connIndex=0 event=0 ip=198.41.192.107
2026-05-31T08:09:20Z ERR Serve tunnel error error="control stream encountered a failure while serving" connIndex=0 event=0 ip=198.41.192.107
2026-05-31T08:09:20Z INF Retrying connection in up to 1m4s connIndex=0 event=0 ip=198.41.192.107
2026-05-31T08:09:23Z INF Tunnel connection curve preferences: [X25519MLKEM768 CurveID(65074) CurveP256] connIndex=0 event=0 ip=198.41.192.107
2026-05-31T08:09:23Z ERR failed to run the datagram handler error="context canceled" connIndex=0 event=0 ip=198.41.192.107
2026-05-31T08:09:23Z ERR failed to serve tunnel connection error="control stream encountered a failure while serving" connIndex=0 event=0 ip=198.41.192.107
2026-05-31T08:09:23Z ERR Serve tunnel error error="control stream encountered a failure while serving" connIndex=0 event=0 ip=198.41.192.107
2026-05-31T08:09:23Z INF Retrying connection in up to 1m4s connIndex=0 event=0 ip=198.41.192.107
2026-05-31T08:09:39Z INF Tunnel connection curve preferences: [X25519MLKEM768 CurveID(65074) CurveP256] connIndex=0 event=0 ip=198.41.192.107
2026-05-31T08:09:39Z ERR failed to run the datagram handler error="context canceled" connIndex=0 event=0 ip=198.41.192.107
2026-05-31T08:09:39Z ERR failed to serve tunnel connection error="control stream encountered a failure while serving" connIndex=0 event=0 ip=198.41.192.107
2026-05-31T08:09:39Z ERR Serve tunnel error error="control stream encountered a failure while serving" connIndex=0 event=0 ip=198.41.192.107
2026-05-31T08:09:39Z INF Retrying connection in up to 1m4s connIndex=0 event=0 ip=198.41.192.107
2026-05-31T08:09:50Z INF Tunnel connection curve preferences: [X25519MLKEM768 CurveID(65074) CurveP256] connIndex=0 event=0 ip=198.41.192.107
2026-05-31T08:09:50Z ERR failed to run the datagram handler error="context canceled" connIndex=0 event=0 ip=198.41.192.107
2026-05-31T08:09:50Z ERR failed to serve tunnel connection error="control stream encountered a failure while serving" connIndex=0 event=0 ip=198.41.192.107
2026-05-31T08:09:50Z ERR Serve tunnel error error="control stream encountered a failure while serving" connIndex=0 event=0 ip=198.41.192.107
2026-05-31T08:09:50Z INF Retrying connection in up to 1m4s connIndex=0 event=0 ip=198.41.192.107
2026-05-31T08:09:55Z INF Tunnel connection curve preferences: [X25519MLKEM768 CurveID(65074) CurveP256] connIndex=0 event=0 ip=198.41.192.107
2026-05-31T08:09:55Z ERR failed to run the datagram handler error="context canceled" connIndex=0 event=0 ip=198.41.192.107
2026-05-31T08:09:55Z ERR failed to serve tunnel connection error="control stream encountered a failure while serving" connIndex=0 event=0 ip=198.41.192.107
2026-05-31T08:09:55Z ERR Serve tunnel error error="control stream encountered a failure while serving" connIndex=0 event=0 ip=198.41.192.107
2026-05-31T08:09:55Z INF Retrying connection in up to 1m4s connIndex=0 event=0 ip=198.41.192.107
2026-05-31T08:10:03Z INF Tunnel connection curve preferences: [X25519MLKEM768 CurveID(65074) CurveP256] connIndex=0 event=0 ip=198.41.192.107
2026-05-31T08:10:03Z ERR failed to run the datagram handler error="context canceled" connIndex=0 event=0 ip=198.41.192.107
2026-05-31T08:10:03Z ERR failed to serve tunnel connection error="control stream encountered a failure while serving" connIndex=0 event=0 ip=198.41.192.107
2026-05-31T08:10:03Z ERR Serve tunnel error error="control stream encountered a failure while serving" connIndex=0 event=0 ip=198.41.192.107
2026-05-31T08:10:03Z INF Retrying connection in up to 1m4s connIndex=0 event=0 ip=198.41.192.107
2026-05-31T08:10:19Z INF Tunnel connection curve preferences: [X25519MLKEM768 CurveID(65074) CurveP256] connIndex=0 event=0 ip=198.41.192.107
2026-05-31T08:10:19Z ERR failed to run the datagram handler error="context canceled" connIndex=0 event=0 ip=198.41.192.107
2026-05-31T08:10:19Z ERR failed to serve tunnel connection error="control stream encountered a failure while serving" connIndex=0 event=0 ip=198.41.192.107
2026-05-31T08:10:19Z ERR Serve tunnel error error="control stream encountered a failure while serving" connIndex=0 event=0 ip=198.41.192.107
2026-05-31T08:10:19Z INF Retrying connection in up to 1m4s connIndex=0 event=0 ip=198.41.192.107
2026-05-31T08:10:26Z INF Tunnel connection curve preferences: [X25519MLKEM768 CurveID(65074) CurveP256] connIndex=0 event=0 ip=198.41.192.107
2026-05-31T08:10:26Z ERR failed to run the datagram handler error="context canceled" connIndex=0 event=0 ip=198.41.192.107
2026-05-31T08:10:26Z ERR failed to serve tunnel connection error="control stream encountered a failure while serving" connIndex=0 event=0 ip=198.41.192.107
2026-05-31T08:10:26Z ERR Serve tunnel error error="control stream encountered a failure while serving" connIndex=0 event=0 ip=198.41.192.107
2026-05-31T08:10:26Z INF Retrying connection in up to 1m4s connIndex=0 event=0 ip=198.41.192.107
2026-05-31T08:10:43Z INF Tunnel connection curve preferences: [X25519MLKEM768 CurveID(65074) CurveP256] connIndex=0 event=0 ip=198.41.192.107
2026-05-31T08:10:43Z ERR failed to run the datagram handler error="context canceled" connIndex=0 event=0 ip=198.41.192.107
2026-05-31T08:10:43Z ERR failed to serve tunnel connection error="control stream encountered a failure while serving" connIndex=0 event=0 ip=198.41.192.107
2026-05-31T08:10:43Z ERR Serve tunnel error error="control stream encountered a failure while serving" connIndex=0 event=0 ip=198.41.192.107
2026-05-31T08:10:43Z INF Retrying connection in up to 1m4s connIndex=0 event=0 ip=198.41.192.107
2026-05-31T08:11:11Z INF Tunnel connection curve preferences: [X25519MLKEM768 CurveID(65074) CurveP256] connIndex=0 event=0 ip=198.41.192.107
2026-05-31T08:11:12Z ERR failed to run the datagram handler error="context canceled" connIndex=0 event=0 ip=198.41.192.107
2026-05-31T08:11:12Z ERR failed to serve tunnel connection error="control stream encountered a failure while serving" connIndex=0 event=0 ip=198.41.192.107
2026-05-31T08:11:12Z ERR Serve tunnel error error="control stream encountered a failure while serving" connIndex=0 event=0 ip=198.41.192.107
2026-05-31T08:11:12Z INF Retrying connection in up to 1m4s connIndex=0 event=0 ip=198.41.192.107
2026-05-31T08:11:29Z INF Tunnel connection curve preferences: [X25519MLKEM768 CurveID(65074) CurveP256] connIndex=0 event=0 ip=198.41.192.107
2026-05-31T08:11:29Z ERR failed to run the datagram handler error="context canceled" connIndex=0 event=0 ip=198.41.192.107
2026-05-31T08:11:29Z ERR failed to serve tunnel connection error="control stream encountered a failure while serving" connIndex=0 event=0 ip=198.41.192.107
2026-05-31T08:11:29Z ERR Serve tunnel error error="control stream encountered a failure while serving" connIndex=0 event=0 ip=198.41.192.107
2026-05-31T08:11:29Z INF Retrying connection in up to 1m4s connIndex=0 event=0 ip=198.41.192.107
2026-05-31T08:20:02Z INF Tunnel connection curve preferences: [X25519MLKEM768 CurveID(65074) CurveP256] connIndex=0 event=0 ip=198.41.192.107
2026-05-31T08:20:02Z ERR failed to run the datagram handler error="context canceled" connIndex=0 event=0 ip=198.41.192.107
2026-05-31T08:20:02Z ERR failed to serve tunnel connection error="control stream encountered a failure while serving" connIndex=0 event=0 ip=198.41.192.107
2026-05-31T08:20:02Z ERR Serve tunnel error error="control stream encountered a failure while serving" connIndex=0 event=0 ip=198.41.192.107
2026-05-31T08:20:02Z INF Retrying connection in up to 1m4s connIndex=0 event=0 ip=198.41.192.107
2026-05-31T08:20:09Z INF Tunnel connection curve preferences: [X25519MLKEM768 CurveID(65074) CurveP256] connIndex=0 event=0 ip=198.41.192.107
2026-05-31T08:20:09Z ERR failed to run the datagram handler error="context canceled" connIndex=0 event=0 ip=198.41.192.107
2026-05-31T08:20:09Z ERR failed to serve tunnel connection error="control stream encountered a failure while serving" connIndex=0 event=0 ip=198.41.192.107
2026-05-31T08:20:09Z ERR Serve tunnel error error="control stream encountered a failure while serving" connIndex=0 event=0 ip=198.41.192.107
2026-05-31T08:20:09Z INF Retrying connection in up to 1m4s connIndex=0 event=0 ip=198.41.192.107
2026-05-31T08:20:36Z INF Tunnel connection curve preferences: [X25519MLKEM768 CurveID(65074) CurveP256] connIndex=0 event=0 ip=198.41.192.107
2026-05-31T08:20:36Z ERR failed to run the datagram handler error="context canceled" connIndex=0 event=0 ip=198.41.192.107
2026-05-31T08:20:36Z ERR failed to serve tunnel connection error="control stream encountered a failure while serving" connIndex=0 event=0 ip=198.41.192.107
2026-05-31T08:20:36Z ERR Serve tunnel error error="control stream encountered a failure while serving" connIndex=0 event=0 ip=198.41.192.107
2026-05-31T08:20:36Z INF Retrying connection in up to 1m4s connIndex=0 event=0 ip=198.41.192.107
2026-05-31T08:20:50Z INF Tunnel connection curve preferences: [X25519MLKEM768 CurveID(65074) CurveP256] connIndex=0 event=0 ip=198.41.192.107
2026-05-31T08:20:50Z ERR failed to run the datagram handler error="context canceled" connIndex=0 event=0 ip=198.41.192.107
2026-05-31T08:20:50Z ERR failed to serve tunnel connection error="control stream encountered a failure while serving" connIndex=0 event=0 ip=198.41.192.107
2026-05-31T08:20:50Z ERR Serve tunnel error error="control stream encountered a failure while serving" connIndex=0 event=0 ip=198.41.192.107
2026-05-31T08:20:50Z INF Retrying connection in up to 1m4s connIndex=0 event=0 ip=198.41.192.107
2026-05-31T08:20:55Z INF Tunnel connection curve preferences: [X25519MLKEM768 CurveID(65074) CurveP256] connIndex=0 event=0 ip=198.41.192.107
2026-05-31T08:20:55Z ERR failed to run the datagram handler error="context canceled" connIndex=0 event=0 ip=198.41.192.107
2026-05-31T08:20:55Z ERR failed to serve tunnel connection error="control stream encountered a failure while serving" connIndex=0 event=0 ip=198.41.192.107
2026-05-31T08:20:55Z ERR Serve tunnel error error="control stream encountered a failure while serving" connIndex=0 event=0 ip=198.41.192.107
2026-05-31T08:20:55Z INF Retrying connection in up to 1m4s connIndex=0 event=0 ip=198.41.192.107
2026-05-31T08:21:02Z INF Tunnel connection curve preferences: [X25519MLKEM768 CurveID(65074) CurveP256] connIndex=0 event=0 ip=198.41.192.107
2026-05-31T08:21:02Z ERR failed to run the datagram handler error="context canceled" connIndex=0 event=0 ip=198.41.192.107
2026-05-31T08:21:02Z ERR failed to serve tunnel connection error="control stream encountered a failure while serving" connIndex=0 event=0 ip=198.41.192.107
2026-05-31T08:21:02Z ERR Serve tunnel error error="control stream encountered a failure while serving" connIndex=0 event=0 ip=198.41.192.107
2026-05-31T08:21:02Z INF Retrying connection in up to 1m4s connIndex=0 event=0 ip=198.41.192.107
2026-05-31T08:21:06Z INF Tunnel connection curve preferences: [X25519MLKEM768 CurveID(65074) CurveP256] connIndex=0 event=0 ip=198.41.192.107
2026-05-31T08:21:06Z ERR failed to run the datagram handler error="context canceled" connIndex=0 event=0 ip=198.41.192.107
2026-05-31T08:21:06Z ERR failed to serve tunnel connection error="control stream encountered a failure while serving" connIndex=0 event=0 ip=198.41.192.107
2026-05-31T08:21:06Z ERR Serve tunnel error error="control stream encountered a failure while serving" connIndex=0 event=0 ip=198.41.192.107
2026-05-31T08:21:06Z INF Retrying connection in up to 1m4s connIndex=0 event=0 ip=198.41.192.107
2026-05-31T08:21:16Z INF Tunnel connection curve preferences: [X25519MLKEM768 CurveID(65074) CurveP256] connIndex=0 event=0 ip=198.41.192.107
2026-05-31T08:21:16Z ERR failed to run the datagram handler error="context canceled" connIndex=0 event=0 ip=198.41.192.107
2026-05-31T08:21:16Z ERR failed to serve tunnel connection error="control stream encountered a failure while serving" connIndex=0 event=0 ip=198.41.192.107
2026-05-31T08:21:16Z ERR Serve tunnel error error="control stream encountered a failure while serving" connIndex=0 event=0 ip=198.41.192.107
2026-05-31T08:21:16Z INF Retrying connection in up to 1m4s connIndex=0 event=0 ip=198.41.192.107
2026-05-31T08:21:26Z INF Tunnel connection curve preferences: [X25519MLKEM768 CurveID(65074) CurveP256] connIndex=0 event=0 ip=198.41.192.107
2026-05-31T08:21:26Z ERR failed to run the datagram handler error="context canceled" connIndex=0 event=0 ip=198.41.192.107
2026-05-31T08:21:26Z ERR failed to serve tunnel connection error="control stream encountered a failure while serving" connIndex=0 event=0 ip=198.41.192.107
2026-05-31T08:21:26Z ERR Serve tunnel error error="control stream encountered a failure while serving" connIndex=0 event=0 ip=198.41.192.107
2026-05-31T08:21:26Z INF Retrying connection in up to 1m4s connIndex=0 event=0 ip=198.41.192.107
2026-05-31T08:21:55Z INF Tunnel connection curve preferences: [X25519MLKEM768 CurveID(65074) CurveP256] connIndex=0 event=0 ip=198.41.192.107
2026-05-31T08:21:55Z ERR failed to run the datagram handler error="context canceled" connIndex=0 event=0 ip=198.41.192.107
2026-05-31T08:21:55Z ERR failed to serve tunnel connection error="control stream encountered a failure while serving" connIndex=0 event=0 ip=198.41.192.107
2026-05-31T08:21:55Z ERR Serve tunnel error error="control stream encountered a failure while serving" connIndex=0 event=0 ip=198.41.192.107
2026-05-31T08:21:55Z INF Retrying connection in up to 1m4s connIndex=0 event=0 ip=198.41.192.107
2026-05-31T08:22:21Z INF Tunnel connection curve preferences: [X25519MLKEM768 CurveID(65074) CurveP256] connIndex=0 event=0 ip=198.41.192.107
2026-05-31T08:22:21Z ERR failed to run the datagram handler error="context canceled" connIndex=0 event=0 ip=198.41.192.107
2026-05-31T08:22:21Z ERR failed to serve tunnel connection error="control stream encountered a failure while serving" connIndex=0 event=0 ip=198.41.192.107
2026-05-31T08:22:21Z ERR Serve tunnel error error="control stream encountered a failure while serving" connIndex=0 event=0 ip=198.41.192.107
2026-05-31T08:22:21Z INF Retrying connection in up to 1m4s connIndex=0 event=0 ip=198.41.192.107
2026-05-31T08:22:27Z INF Tunnel connection curve preferences: [X25519MLKEM768 CurveID(65074) CurveP256] connIndex=0 event=0 ip=198.41.192.107
2026-05-31T08:22:27Z ERR failed to run the datagram handler error="context canceled" connIndex=0 event=0 ip=198.41.192.107
2026-05-31T08:22:27Z ERR failed to serve tunnel connection error="control stream encountered a failure while serving" connIndex=0 event=0 ip=198.41.192.107
2026-05-31T08:22:27Z ERR Serve tunnel error error="control stream encountered a failure while serving" connIndex=0 event=0 ip=198.41.192.107
2026-05-31T08:22:27Z INF Retrying connection in up to 1m4s connIndex=0 event=0 ip=198.41.192.107
2026-05-31T08:38:20Z INF Tunnel connection curve preferences: [X25519MLKEM768 CurveID(65074) CurveP256] connIndex=0 event=0 ip=198.41.192.107
2026-05-31T08:38:21Z ERR failed to run the datagram handler error="context canceled" connIndex=0 event=0 ip=198.41.192.107
2026-05-31T08:38:21Z ERR failed to serve tunnel connection error="control stream encountered a failure while serving" connIndex=0 event=0 ip=198.41.192.107
2026-05-31T08:38:21Z ERR Serve tunnel error error="control stream encountered a failure while serving" connIndex=0 event=0 ip=198.41.192.107
2026-05-31T08:38:21Z INF Retrying connection in up to 1m4s connIndex=0 event=0 ip=198.41.192.107
2026-05-31T08:38:23Z INF Tunnel connection curve preferences: [X25519MLKEM768 CurveID(65074) CurveP256] connIndex=0 event=0 ip=198.41.192.107
2026-05-31T08:38:23Z ERR failed to run the datagram handler error="context canceled" connIndex=0 event=0 ip=198.41.192.107
2026-05-31T08:38:23Z ERR failed to serve tunnel connection error="control stream encountered a failure while serving" connIndex=0 event=0 ip=198.41.192.107
2026-05-31T08:38:23Z ERR Serve tunnel error error="control stream encountered a failure while serving" connIndex=0 event=0 ip=198.41.192.107
2026-05-31T08:38:23Z INF Retrying connection in up to 1m4s connIndex=0 event=0 ip=198.41.192.107
2026-05-31T08:38:33Z INF Tunnel connection curve preferences: [X25519MLKEM768 CurveID(65074) CurveP256] connIndex=0 event=0 ip=198.41.192.107
2026-05-31T08:38:33Z ERR failed to run the datagram handler error="context canceled" connIndex=0 event=0 ip=198.41.192.107
2026-05-31T08:38:33Z ERR failed to serve tunnel connection error="control stream encountered a failure while serving" connIndex=0 event=0 ip=198.41.192.107
2026-05-31T08:38:33Z ERR Serve tunnel error error="control stream encountered a failure while serving" connIndex=0 event=0 ip=198.41.192.107
2026-05-31T08:38:33Z INF Retrying connection in up to 1m4s connIndex=0 event=0 ip=198.41.192.107
2026-05-31T08:39:05Z INF Tunnel connection curve preferences: [X25519MLKEM768 CurveID(65074) CurveP256] connIndex=0 event=0 ip=198.41.192.107
2026-05-31T08:39:05Z ERR failed to run the datagram handler error="context canceled" connIndex=0 event=0 ip=198.41.192.107
2026-05-31T08:39:05Z ERR failed to serve tunnel connection error="control stream encountered a failure while serving" connIndex=0 event=0 ip=198.41.192.107
2026-05-31T08:39:05Z ERR Serve tunnel error error="control stream encountered a failure while serving" connIndex=0 event=0 ip=198.41.192.107
2026-05-31T08:39:05Z INF Retrying connection in up to 1m4s connIndex=0 event=0 ip=198.41.192.107
2026-05-31T08:39:26Z INF Tunnel connection curve preferences: [X25519MLKEM768 CurveID(65074) CurveP256] connIndex=0 event=0 ip=198.41.192.107
2026-05-31T08:39:26Z ERR failed to run the datagram handler error="context canceled" connIndex=0 event=0 ip=198.41.192.107
2026-05-31T08:39:26Z ERR failed to serve tunnel connection error="control stream encountered a failure while serving" connIndex=0 event=0 ip=198.41.192.107
2026-05-31T08:39:26Z ERR Serve tunnel error error="control stream encountered a failure while serving" connIndex=0 event=0 ip=198.41.192.107
2026-05-31T08:39:26Z INF Retrying connection in up to 1m4s connIndex=0 event=0 ip=198.41.192.107
2026-05-31T08:39:41Z INF Tunnel connection curve preferences: [X25519MLKEM768 CurveID(65074) CurveP256] connIndex=0 event=0 ip=198.41.192.107
2026-05-31T08:39:41Z ERR failed to run the datagram handler error="context canceled" connIndex=0 event=0 ip=198.41.192.107
2026-05-31T08:39:41Z ERR failed to serve tunnel connection error="control stream encountered a failure while serving" connIndex=0 event=0 ip=198.41.192.107
2026-05-31T08:39:41Z ERR Serve tunnel error error="control stream encountered a failure while serving" connIndex=0 event=0 ip=198.41.192.107
2026-05-31T08:39:41Z INF Retrying connection in up to 1m4s connIndex=0 event=0 ip=198.41.192.107
2026-05-31T08:45:10Z INF Tunnel connection curve preferences: [X25519MLKEM768 CurveID(65074) CurveP256] connIndex=0 event=0 ip=198.41.192.107
2026-05-31T08:45:10Z ERR failed to run the datagram handler error="context canceled" connIndex=0 event=0 ip=198.41.192.107
2026-05-31T08:45:10Z ERR failed to serve tunnel connection error="control stream encountered a failure while serving" connIndex=0 event=0 ip=198.41.192.107
2026-05-31T08:45:10Z ERR Serve tunnel error error="control stream encountered a failure while serving" connIndex=0 event=0 ip=198.41.192.107
2026-05-31T08:45:10Z INF Retrying connection in up to 1m4s connIndex=0 event=0 ip=198.41.192.107
2026-05-31T08:45:38Z INF Tunnel connection curve preferences: [X25519MLKEM768 CurveID(65074) CurveP256] connIndex=0 event=0 ip=198.41.192.107
2026-05-31T08:45:38Z ERR failed to run the datagram handler error="context canceled" connIndex=0 event=0 ip=198.41.192.107
2026-05-31T08:45:38Z ERR failed to serve tunnel connection error="control stream encountered a failure while serving" connIndex=0 event=0 ip=198.41.192.107
2026-05-31T08:45:38Z ERR Serve tunnel error error="control stream encountered a failure while serving" connIndex=0 event=0 ip=198.41.192.107
2026-05-31T08:45:38Z INF Retrying connection in up to 1m4s connIndex=0 event=0 ip=198.41.192.107
2026-05-31T09:00:45Z INF Tunnel connection curve preferences: [X25519MLKEM768 CurveID(65074) CurveP256] connIndex=0 event=0 ip=198.41.192.107
2026-05-31T09:00:45Z ERR failed to run the datagram handler error="context canceled" connIndex=0 event=0 ip=198.41.192.107
2026-05-31T09:00:45Z ERR failed to serve tunnel connection error="control stream encountered a failure while serving" connIndex=0 event=0 ip=198.41.192.107
2026-05-31T09:00:45Z ERR Serve tunnel error error="control stream encountered a failure while serving" connIndex=0 event=0 ip=198.41.192.107
2026-05-31T09:00:45Z INF Retrying connection in up to 1m4s connIndex=0 event=0 ip=198.41.192.107
2026-05-31T09:00:55Z INF Tunnel connection curve preferences: [X25519MLKEM768 CurveID(65074) CurveP256] connIndex=0 event=0 ip=198.41.192.107
2026-05-31T09:00:55Z ERR failed to run the datagram handler error="context canceled" connIndex=0 event=0 ip=198.41.192.107
2026-05-31T09:00:55Z ERR failed to serve tunnel connection error="control stream encountered a failure while serving" connIndex=0 event=0 ip=198.41.192.107
2026-05-31T09:00:55Z ERR Serve tunnel error error="control stream encountered a failure while serving" connIndex=0 event=0 ip=198.41.192.107
2026-05-31T09:00:55Z INF Retrying connection in up to 1m4s connIndex=0 event=0 ip=198.41.192.107
2026-05-31T09:00:55Z INF Tunnel connection curve preferences: [X25519MLKEM768 CurveID(65074) CurveP256] connIndex=0 event=0 ip=198.41.192.107
2026-05-31T09:00:55Z ERR failed to run the datagram handler error="context canceled" connIndex=0 event=0 ip=198.41.192.107
2026-05-31T09:00:55Z ERR failed to serve tunnel connection error="control stream encountered a failure while serving" connIndex=0 event=0 ip=198.41.192.107
2026-05-31T09:00:55Z ERR Serve tunnel error error="control stream encountered a failure while serving" connIndex=0 event=0 ip=198.41.192.107
2026-05-31T09:00:55Z INF Retrying connection in up to 1m4s connIndex=0 event=0 ip=198.41.192.107
2026-05-31T09:01:23Z INF Tunnel connection curve preferences: [X25519MLKEM768 CurveID(65074) CurveP256] connIndex=0 event=0 ip=198.41.192.107
2026-05-31T09:01:23Z ERR failed to run the datagram handler error="context canceled" connIndex=0 event=0 ip=198.41.192.107
2026-05-31T09:01:23Z ERR failed to serve tunnel connection error="control stream encountered a failure while serving" connIndex=0 event=0 ip=198.41.192.107
2026-05-31T09:01:23Z ERR Serve tunnel error error="control stream encountered a failure while serving" connIndex=0 event=0 ip=198.41.192.107
2026-05-31T09:01:23Z INF Retrying connection in up to 1m4s connIndex=0 event=0 ip=198.41.192.107
2026-05-31T09:01:33Z INF Tunnel connection curve preferences: [X25519MLKEM768 CurveID(65074) CurveP256] connIndex=0 event=0 ip=198.41.192.107
2026-05-31T09:01:33Z ERR failed to run the datagram handler error="context canceled" connIndex=0 event=0 ip=198.41.192.107
2026-05-31T09:01:33Z ERR failed to serve tunnel connection error="control stream encountered a failure while serving" connIndex=0 event=0 ip=198.41.192.107
2026-05-31T09:01:33Z ERR Serve tunnel error error="control stream encountered a failure while serving" connIndex=0 event=0 ip=198.41.192.107
2026-05-31T09:01:33Z INF Retrying connection in up to 1m4s connIndex=0 event=0 ip=198.41.192.107
2026-05-31T09:01:54Z INF Tunnel connection curve preferences: [X25519MLKEM768 CurveID(65074) CurveP256] connIndex=0 event=0 ip=198.41.192.107
2026-05-31T09:01:54Z ERR failed to run the datagram handler error="context canceled" connIndex=0 event=0 ip=198.41.192.107
2026-05-31T09:01:54Z ERR failed to serve tunnel connection error="control stream encountered a failure while serving" connIndex=0 event=0 ip=198.41.192.107
2026-05-31T09:01:54Z ERR Serve tunnel error error="control stream encountered a failure while serving" connIndex=0 event=0 ip=198.41.192.107
2026-05-31T09:01:54Z INF Retrying connection in up to 1m4s connIndex=0 event=0 ip=198.41.192.107
2026-05-31T09:01:58Z INF Tunnel connection curve preferences: [X25519MLKEM768 CurveID(65074) CurveP256] connIndex=0 event=0 ip=198.41.192.107
2026-05-31T09:01:58Z ERR failed to run the datagram handler error="context canceled" connIndex=0 event=0 ip=198.41.192.107
2026-05-31T09:01:58Z ERR failed to serve tunnel connection error="control stream encountered a failure while serving" connIndex=0 event=0 ip=198.41.192.107
2026-05-31T09:01:58Z ERR Serve tunnel error error="control stream encountered a failure while serving" connIndex=0 event=0 ip=198.41.192.107
2026-05-31T09:01:58Z INF Retrying connection in up to 1m4s connIndex=0 event=0 ip=198.41.192.107
2026-05-31T09:02:06Z INF Tunnel connection curve preferences: [X25519MLKEM768 CurveID(65074) CurveP256] connIndex=0 event=0 ip=198.41.192.107
2026-05-31T09:02:07Z ERR failed to run the datagram handler error="context canceled" connIndex=0 event=0 ip=198.41.192.107
2026-05-31T09:02:07Z ERR failed to serve tunnel connection error="control stream encountered a failure while serving" connIndex=0 event=0 ip=198.41.192.107
2026-05-31T09:02:07Z ERR Serve tunnel error error="control stream encountered a failure while serving" connIndex=0 event=0 ip=198.41.192.107
2026-05-31T09:02:07Z INF Retrying connection in up to 1m4s connIndex=0 event=0 ip=198.41.192.107
2026-05-31T09:02:26Z INF Tunnel connection curve preferences: [X25519MLKEM768 CurveID(65074) CurveP256] connIndex=0 event=0 ip=198.41.192.107
2026-05-31T09:02:26Z ERR failed to run the datagram handler error="context canceled" connIndex=0 event=0 ip=198.41.192.107
2026-05-31T09:02:26Z ERR failed to serve tunnel connection error="control stream encountered a failure while serving" connIndex=0 event=0 ip=198.41.192.107
2026-05-31T09:02:26Z ERR Serve tunnel error error="control stream encountered a failure while serving" connIndex=0 event=0 ip=198.41.192.107
2026-05-31T09:02:26Z INF Retrying connection in up to 1m4s connIndex=0 event=0 ip=198.41.192.107
2026-05-31T09:02:32Z INF Tunnel connection curve preferences: [X25519MLKEM768 CurveID(65074) CurveP256] connIndex=0 event=0 ip=198.41.192.107
2026-05-31T09:02:32Z ERR failed to run the datagram handler error="context canceled" connIndex=0 event=0 ip=198.41.192.107
2026-05-31T09:02:32Z ERR failed to serve tunnel connection error="control stream encountered a failure while serving" connIndex=0 event=0 ip=198.41.192.107
2026-05-31T09:02:32Z ERR Serve tunnel error error="control stream encountered a failure while serving" connIndex=0 event=0 ip=198.41.192.107
2026-05-31T09:02:32Z INF Retrying connection in up to 1m4s connIndex=0 event=0 ip=198.41.192.107
2026-05-31T09:03:03Z INF Tunnel connection curve preferences: [X25519MLKEM768 CurveID(65074) CurveP256] connIndex=0 event=0 ip=198.41.192.107
2026-05-31T09:03:03Z ERR failed to run the datagram handler error="context canceled" connIndex=0 event=0 ip=198.41.192.107
2026-05-31T09:03:03Z ERR failed to serve tunnel connection error="control stream encountered a failure while serving" connIndex=0 event=0 ip=198.41.192.107
2026-05-31T09:03:03Z ERR Serve tunnel error error="control stream encountered a failure while serving" connIndex=0 event=0 ip=198.41.192.107
2026-05-31T09:03:03Z INF Retrying connection in up to 1m4s connIndex=0 event=0 ip=198.41.192.107
2026-05-31T09:03:30Z INF Tunnel connection curve preferences: [X25519MLKEM768 CurveID(65074) CurveP256] connIndex=0 event=0 ip=198.41.192.107
2026-05-31T09:03:30Z ERR failed to run the datagram handler error="context canceled" connIndex=0 event=0 ip=198.41.192.107
2026-05-31T09:03:30Z ERR failed to serve tunnel connection error="control stream encountered a failure while serving" connIndex=0 event=0 ip=198.41.192.107
2026-05-31T09:03:30Z ERR Serve tunnel error error="control stream encountered a failure while serving" connIndex=0 event=0 ip=198.41.192.107
2026-05-31T09:03:30Z INF Retrying connection in up to 1m4s connIndex=0 event=0 ip=198.41.192.107
2026-05-31T09:03:45Z INF Tunnel connection curve preferences: [X25519MLKEM768 CurveID(65074) CurveP256] connIndex=0 event=0 ip=198.41.192.107
2026-05-31T09:03:45Z ERR failed to run the datagram handler error="context canceled" connIndex=0 event=0 ip=198.41.192.107
2026-05-31T09:03:45Z ERR failed to serve tunnel connection error="control stream encountered a failure while serving" connIndex=0 event=0 ip=198.41.192.107
2026-05-31T09:03:45Z ERR Serve tunnel error error="control stream encountered a failure while serving" connIndex=0 event=0 ip=198.41.192.107
2026-05-31T09:03:45Z INF Retrying connection in up to 1m4s connIndex=0 event=0 ip=198.41.192.107
2026-05-31T09:03:53Z INF Tunnel connection curve preferences: [X25519MLKEM768 CurveID(65074) CurveP256] connIndex=0 event=0 ip=198.41.192.107
2026-05-31T09:03:53Z ERR failed to run the datagram handler error="context canceled" connIndex=0 event=0 ip=198.41.192.107
2026-05-31T09:03:53Z ERR failed to serve tunnel connection error="control stream encountered a failure while serving" connIndex=0 event=0 ip=198.41.192.107
2026-05-31T09:03:53Z ERR Serve tunnel error error="control stream encountered a failure while serving" connIndex=0 event=0 ip=198.41.192.107
2026-05-31T09:03:53Z INF Retrying connection in up to 1m4s connIndex=0 event=0 ip=198.41.192.107
2026-05-31T09:04:05Z INF Tunnel connection curve preferences: [X25519MLKEM768 CurveID(65074) CurveP256] connIndex=0 event=0 ip=198.41.192.107
2026-05-31T09:04:05Z ERR failed to run the datagram handler error="context canceled" connIndex=0 event=0 ip=198.41.192.107
2026-05-31T09:04:05Z ERR failed to serve tunnel connection error="control stream encountered a failure while serving" connIndex=0 event=0 ip=198.41.192.107
2026-05-31T09:04:05Z ERR Serve tunnel error error="control stream encountered a failure while serving" connIndex=0 event=0 ip=198.41.192.107
2026-05-31T09:04:05Z INF Retrying connection in up to 1m4s connIndex=0 event=0 ip=198.41.192.107
2026-05-31T09:04:23Z INF Tunnel connection curve preferences: [X25519MLKEM768 CurveID(65074) CurveP256] connIndex=0 event=0 ip=198.41.192.107
2026-05-31T09:04:23Z ERR failed to run the datagram handler error="context canceled" connIndex=0 event=0 ip=198.41.192.107
2026-05-31T09:04:23Z ERR failed to serve tunnel connection error="control stream encountered a failure while serving" connIndex=0 event=0 ip=198.41.192.107
2026-05-31T09:04:23Z ERR Serve tunnel error error="control stream encountered a failure while serving" connIndex=0 event=0 ip=198.41.192.107
2026-05-31T09:04:23Z INF Retrying connection in up to 1m4s connIndex=0 event=0 ip=198.41.192.107
2026-05-31T09:04:48Z INF Tunnel connection curve preferences: [X25519MLKEM768 CurveID(65074) CurveP256] connIndex=0 event=0 ip=198.41.192.107
2026-05-31T09:04:48Z ERR failed to run the datagram handler error="context canceled" connIndex=0 event=0 ip=198.41.192.107
2026-05-31T09:04:48Z ERR failed to serve tunnel connection error="control stream encountered a failure while serving" connIndex=0 event=0 ip=198.41.192.107
2026-05-31T09:04:48Z ERR Serve tunnel error error="control stream encountered a failure while serving" connIndex=0 event=0 ip=198.41.192.107
2026-05-31T09:04:48Z INF Retrying connection in up to 1m4s connIndex=0 event=0 ip=198.41.192.107
2026-05-31T09:04:49Z INF Tunnel connection curve preferences: [X25519MLKEM768 CurveID(65074) CurveP256] connIndex=0 event=0 ip=198.41.192.107
2026-05-31T09:04:49Z ERR failed to run the datagram handler error="context canceled" connIndex=0 event=0 ip=198.41.192.107
2026-05-31T09:04:49Z ERR failed to serve tunnel connection error="control stream encountered a failure while serving" connIndex=0 event=0 ip=198.41.192.107
2026-05-31T09:04:49Z ERR Serve tunnel error error="control stream encountered a failure while serving" connIndex=0 event=0 ip=198.41.192.107
2026-05-31T09:04:49Z INF Retrying connection in up to 1m4s connIndex=0 event=0 ip=198.41.192.107
2026-05-31T09:05:01Z INF Tunnel connection curve preferences: [X25519MLKEM768 CurveID(65074) CurveP256] connIndex=0 event=0 ip=198.41.192.107
2026-05-31T09:05:01Z ERR failed to run the datagram handler error="context canceled" connIndex=0 event=0 ip=198.41.192.107
2026-05-31T09:05:01Z ERR failed to serve tunnel connection error="control stream encountered a failure while serving" connIndex=0 event=0 ip=198.41.192.107
2026-05-31T09:05:01Z ERR Serve tunnel error error="control stream encountered a failure while serving" connIndex=0 event=0 ip=198.41.192.107
2026-05-31T09:05:01Z INF Retrying connection in up to 1m4s connIndex=0 event=0 ip=198.41.192.107
2026-05-31T09:05:29Z INF Tunnel connection curve preferences: [X25519MLKEM768 CurveID(65074) CurveP256] connIndex=0 event=0 ip=198.41.192.107
2026-05-31T09:05:29Z ERR failed to run the datagram handler error="context canceled" connIndex=0 event=0 ip=198.41.192.107
2026-05-31T09:05:29Z ERR failed to serve tunnel connection error="control stream encountered a failure while serving" connIndex=0 event=0 ip=198.41.192.107
2026-05-31T09:05:29Z ERR Serve tunnel error error="control stream encountered a failure while serving" connIndex=0 event=0 ip=198.41.192.107
2026-05-31T09:05:29Z INF Retrying connection in up to 1m4s connIndex=0 event=0 ip=198.41.192.107
2026-05-31T09:05:41Z INF Tunnel connection curve preferences: [X25519MLKEM768 CurveID(65074) CurveP256] connIndex=0 event=0 ip=198.41.192.107
2026-05-31T09:05:41Z ERR failed to run the datagram handler error="context canceled" connIndex=0 event=0 ip=198.41.192.107
2026-05-31T09:05:41Z ERR failed to serve tunnel connection error="control stream encountered a failure while serving" connIndex=0 event=0 ip=198.41.192.107
2026-05-31T09:05:41Z ERR Serve tunnel error error="control stream encountered a failure while serving" connIndex=0 event=0 ip=198.41.192.107
2026-05-31T09:05:41Z INF Retrying connection in up to 1m4s connIndex=0 event=0 ip=198.41.192.107
2026-05-31T09:05:50Z INF Tunnel connection curve preferences: [X25519MLKEM768 CurveID(65074) CurveP256] connIndex=0 event=0 ip=198.41.192.107
2026-05-31T09:05:50Z ERR failed to run the datagram handler error="context canceled" connIndex=0 event=0 ip=198.41.192.107
2026-05-31T09:05:50Z ERR failed to serve tunnel connection error="control stream encountered a failure while serving" connIndex=0 event=0 ip=198.41.192.107
2026-05-31T09:05:50Z ERR Serve tunnel error error="control stream encountered a failure while serving" connIndex=0 event=0 ip=198.41.192.107
2026-05-31T09:05:50Z INF Retrying connection in up to 1m4s connIndex=0 event=0 ip=198.41.192.107
2026-05-31T09:05:51Z INF Tunnel connection curve preferences: [X25519MLKEM768 CurveID(65074) CurveP256] connIndex=0 event=0 ip=198.41.192.107
2026-05-31T09:05:51Z ERR failed to run the datagram handler error="context canceled" connIndex=0 event=0 ip=198.41.192.107
2026-05-31T09:05:51Z ERR failed to serve tunnel connection error="control stream encountered a failure while serving" connIndex=0 event=0 ip=198.41.192.107
2026-05-31T09:05:51Z ERR Serve tunnel error error="control stream encountered a failure while serving" connIndex=0 event=0 ip=198.41.192.107
2026-05-31T09:05:51Z INF Retrying connection in up to 1m4s connIndex=0 event=0 ip=198.41.192.107
2026-05-31T09:06:14Z INF Tunnel connection curve preferences: [X25519MLKEM768 CurveID(65074) CurveP256] connIndex=0 event=0 ip=198.41.192.107
2026-05-31T09:06:14Z ERR failed to run the datagram handler error="context canceled" connIndex=0 event=0 ip=198.41.192.107
2026-05-31T09:06:14Z ERR failed to serve tunnel connection error="control stream encountered a failure while serving" connIndex=0 event=0 ip=198.41.192.107
2026-05-31T09:06:14Z ERR Serve tunnel error error="control stream encountered a failure while serving" connIndex=0 event=0 ip=198.41.192.107
2026-05-31T09:06:14Z INF Retrying connection in up to 1m4s connIndex=0 event=0 ip=198.41.192.107
2026-05-31T09:06:18Z INF Tunnel connection curve preferences: [X25519MLKEM768 CurveID(65074) CurveP256] connIndex=0 event=0 ip=198.41.192.107
2026-05-31T09:06:18Z ERR failed to run the datagram handler error="context canceled" connIndex=0 event=0 ip=198.41.192.107
2026-05-31T09:06:18Z ERR failed to serve tunnel connection error="control stream encountered a failure while serving" connIndex=0 event=0 ip=198.41.192.107
2026-05-31T09:06:18Z ERR Serve tunnel error error="control stream encountered a failure while serving" connIndex=0 event=0 ip=198.41.192.107
2026-05-31T09:06:18Z INF Retrying connection in up to 1m4s connIndex=0 event=0 ip=198.41.192.107
2026-05-31T09:06:50Z INF Tunnel connection curve preferences: [X25519MLKEM768 CurveID(65074) CurveP256] connIndex=0 event=0 ip=198.41.192.107
2026-05-31T09:06:50Z ERR failed to run the datagram handler error="context canceled" connIndex=0 event=0 ip=198.41.192.107
2026-05-31T09:06:50Z ERR failed to serve tunnel connection error="control stream encountered a failure while serving" connIndex=0 event=0 ip=198.41.192.107
2026-05-31T09:06:50Z ERR Serve tunnel error error="control stream encountered a failure while serving" connIndex=0 event=0 ip=198.41.192.107
2026-05-31T09:06:50Z INF Retrying connection in up to 1m4s connIndex=0 event=0 ip=198.41.192.107
2026-05-31T09:07:04Z INF Tunnel connection curve preferences: [X25519MLKEM768 CurveID(65074) CurveP256] connIndex=0 event=0 ip=198.41.192.107
2026-05-31T09:07:04Z ERR failed to run the datagram handler error="context canceled" connIndex=0 event=0 ip=198.41.192.107
2026-05-31T09:07:04Z ERR failed to serve tunnel connection error="control stream encountered a failure while serving" connIndex=0 event=0 ip=198.41.192.107
2026-05-31T09:07:04Z ERR Serve tunnel error error="control stream encountered a failure while serving" connIndex=0 event=0 ip=198.41.192.107
2026-05-31T09:07:04Z INF Retrying connection in up to 1m4s connIndex=0 event=0 ip=198.41.192.107
2026-05-31T09:07:14Z INF Tunnel connection curve preferences: [X25519MLKEM768 CurveID(65074) CurveP256] connIndex=0 event=0 ip=198.41.192.107
2026-05-31T09:07:15Z ERR failed to run the datagram handler error="context canceled" connIndex=0 event=0 ip=198.41.192.107
2026-05-31T09:07:15Z ERR failed to serve tunnel connection error="control stream encountered a failure while serving" connIndex=0 event=0 ip=198.41.192.107
2026-05-31T09:07:15Z ERR Serve tunnel error error="control stream encountered a failure while serving" connIndex=0 event=0 ip=198.41.192.107
2026-05-31T09:07:15Z INF Retrying connection in up to 1m4s connIndex=0 event=0 ip=198.41.192.107
2026-05-31T09:07:17Z INF Tunnel connection curve preferences: [X25519MLKEM768 CurveID(65074) CurveP256] connIndex=0 event=0 ip=198.41.192.107
2026-05-31T09:07:18Z ERR failed to run the datagram handler error="context canceled" connIndex=0 event=0 ip=198.41.192.107
2026-05-31T09:07:18Z ERR failed to serve tunnel connection error="control stream encountered a failure while serving" connIndex=0 event=0 ip=198.41.192.107
2026-05-31T09:07:18Z ERR Serve tunnel error error="control stream encountered a failure while serving" connIndex=0 event=0 ip=198.41.192.107
2026-05-31T09:07:18Z INF Retrying connection in up to 1m4s connIndex=0 event=0 ip=198.41.192.107
2026-05-31T09:07:45Z INF Tunnel connection curve preferences: [X25519MLKEM768 CurveID(65074) CurveP256] connIndex=0 event=0 ip=198.41.192.107
2026-05-31T09:07:45Z ERR failed to run the datagram handler error="context canceled" connIndex=0 event=0 ip=198.41.192.107
2026-05-31T09:07:45Z ERR failed to serve tunnel connection error="control stream encountered a failure while serving" connIndex=0 event=0 ip=198.41.192.107
2026-05-31T09:07:45Z ERR Serve tunnel error error="control stream encountered a failure while serving" connIndex=0 event=0 ip=198.41.192.107
2026-05-31T09:07:45Z INF Retrying connection in up to 1m4s connIndex=0 event=0 ip=198.41.192.107
2026-05-31T09:07:55Z INF Tunnel connection curve preferences: [X25519MLKEM768 CurveID(65074) CurveP256] connIndex=0 event=0 ip=198.41.192.107
2026-05-31T09:07:55Z ERR failed to run the datagram handler error="context canceled" connIndex=0 event=0 ip=198.41.192.107
2026-05-31T09:07:55Z ERR failed to serve tunnel connection error="control stream encountered a failure while serving" connIndex=0 event=0 ip=198.41.192.107
2026-05-31T09:07:55Z ERR Serve tunnel error error="control stream encountered a failure while serving" connIndex=0 event=0 ip=198.41.192.107
2026-05-31T09:07:55Z INF Retrying connection in up to 1m4s connIndex=0 event=0 ip=198.41.192.107
2026-05-31T09:08:06Z INF Tunnel connection curve preferences: [X25519MLKEM768 CurveID(65074) CurveP256] connIndex=0 event=0 ip=198.41.192.107
2026-05-31T09:08:06Z ERR failed to run the datagram handler error="context canceled" connIndex=0 event=0 ip=198.41.192.107
2026-05-31T09:08:06Z ERR failed to serve tunnel connection error="control stream encountered a failure while serving" connIndex=0 event=0 ip=198.41.192.107
2026-05-31T09:08:06Z ERR Serve tunnel error error="control stream encountered a failure while serving" connIndex=0 event=0 ip=198.41.192.107
2026-05-31T09:08:06Z INF Retrying connection in up to 1m4s connIndex=0 event=0 ip=198.41.192.107
2026-05-31T09:08:17Z INF Tunnel connection curve preferences: [X25519MLKEM768 CurveID(65074) CurveP256] connIndex=0 event=0 ip=198.41.192.107
2026-05-31T09:08:17Z ERR failed to run the datagram handler error="context canceled" connIndex=0 event=0 ip=198.41.192.107
2026-05-31T09:08:17Z ERR failed to serve tunnel connection error="control stream encountered a failure while serving" connIndex=0 event=0 ip=198.41.192.107
2026-05-31T09:08:17Z ERR Serve tunnel error error="control stream encountered a failure while serving" connIndex=0 event=0 ip=198.41.192.107
2026-05-31T09:08:17Z INF Retrying connection in up to 1m4s connIndex=0 event=0 ip=198.41.192.107
2026-05-31T09:08:43Z INF Tunnel connection curve preferences: [X25519MLKEM768 CurveID(65074) CurveP256] connIndex=0 event=0 ip=198.41.192.107
2026-05-31T09:08:43Z ERR failed to run the datagram handler error="context canceled" connIndex=0 event=0 ip=198.41.192.107
2026-05-31T09:08:43Z ERR failed to serve tunnel connection error="control stream encountered a failure while serving" connIndex=0 event=0 ip=198.41.192.107
2026-05-31T09:08:43Z ERR Serve tunnel error error="control stream encountered a failure while serving" connIndex=0 event=0 ip=198.41.192.107
2026-05-31T09:08:43Z INF Retrying connection in up to 1m4s connIndex=0 event=0 ip=198.41.192.107
2026-05-31T09:09:14Z INF Tunnel connection curve preferences: [X25519MLKEM768 CurveID(65074) CurveP256] connIndex=0 event=0 ip=198.41.192.107
2026-05-31T09:09:14Z ERR failed to run the datagram handler error="context canceled" connIndex=0 event=0 ip=198.41.192.107
2026-05-31T09:09:14Z ERR failed to serve tunnel connection error="control stream encountered a failure while serving" connIndex=0 event=0 ip=198.41.192.107
2026-05-31T09:09:14Z ERR Serve tunnel error error="control stream encountered a failure while serving" connIndex=0 event=0 ip=198.41.192.107
2026-05-31T09:09:14Z INF Retrying connection in up to 1m4s connIndex=0 event=0 ip=198.41.192.107
2026-05-31T09:09:22Z INF Tunnel connection curve preferences: [X25519MLKEM768 CurveID(65074) CurveP256] connIndex=0 event=0 ip=198.41.192.107
2026-05-31T09:09:22Z ERR failed to run the datagram handler error="context canceled" connIndex=0 event=0 ip=198.41.192.107
2026-05-31T09:09:22Z ERR failed to serve tunnel connection error="control stream encountered a failure while serving" connIndex=0 event=0 ip=198.41.192.107
2026-05-31T09:09:22Z ERR Serve tunnel error error="control stream encountered a failure while serving" connIndex=0 event=0 ip=198.41.192.107
2026-05-31T09:09:22Z INF Retrying connection in up to 1m4s connIndex=0 event=0 ip=198.41.192.107
2026-05-31T09:09:42Z INF Tunnel connection curve preferences: [X25519MLKEM768 CurveID(65074) CurveP256] connIndex=0 event=0 ip=198.41.192.107
2026-05-31T09:09:42Z ERR failed to run the datagram handler error="context canceled" connIndex=0 event=0 ip=198.41.192.107
2026-05-31T09:09:42Z ERR failed to serve tunnel connection error="control stream encountered a failure while serving" connIndex=0 event=0 ip=198.41.192.107
2026-05-31T09:09:42Z ERR Serve tunnel error error="control stream encountered a failure while serving" connIndex=0 event=0 ip=198.41.192.107
2026-05-31T09:09:42Z INF Retrying connection in up to 1m4s connIndex=0 event=0 ip=198.41.192.107
2026-05-31T09:09:52Z INF Tunnel connection curve preferences: [X25519MLKEM768 CurveID(65074) CurveP256] connIndex=0 event=0 ip=198.41.192.107
2026-05-31T09:09:52Z ERR failed to run the datagram handler error="context canceled" connIndex=0 event=0 ip=198.41.192.107
2026-05-31T09:09:52Z ERR failed to serve tunnel connection error="control stream encountered a failure while serving" connIndex=0 event=0 ip=198.41.192.107
2026-05-31T09:09:52Z ERR Serve tunnel error error="control stream encountered a failure while serving" connIndex=0 event=0 ip=198.41.192.107
2026-05-31T09:09:52Z INF Retrying connection in up to 1m4s connIndex=0 event=0 ip=198.41.192.107
2026-05-31T09:10:17Z INF Tunnel connection curve preferences: [X25519MLKEM768 CurveID(65074) CurveP256] connIndex=0 event=0 ip=198.41.192.107
2026-05-31T09:10:17Z ERR failed to run the datagram handler error="context canceled" connIndex=0 event=0 ip=198.41.192.107
2026-05-31T09:10:17Z ERR failed to serve tunnel connection error="control stream encountered a failure while serving" connIndex=0 event=0 ip=198.41.192.107
2026-05-31T09:10:17Z ERR Serve tunnel error error="control stream encountered a failure while serving" connIndex=0 event=0 ip=198.41.192.107
2026-05-31T09:10:17Z INF Retrying connection in up to 1m4s connIndex=0 event=0 ip=198.41.192.107
2026-05-31T09:10:42Z INF Tunnel connection curve preferences: [X25519MLKEM768 CurveID(65074) CurveP256] connIndex=0 event=0 ip=198.41.192.107
2026-05-31T09:10:42Z ERR failed to run the datagram handler error="context canceled" connIndex=0 event=0 ip=198.41.192.107
2026-05-31T09:10:42Z ERR failed to serve tunnel connection error="control stream encountered a failure while serving" connIndex=0 event=0 ip=198.41.192.107
2026-05-31T09:10:42Z ERR Serve tunnel error error="control stream encountered a failure while serving" connIndex=0 event=0 ip=198.41.192.107
2026-05-31T09:10:42Z INF Retrying connection in up to 1m4s connIndex=0 event=0 ip=198.41.192.107
2026-05-31T09:11:14Z INF Tunnel connection curve preferences: [X25519MLKEM768 CurveID(65074) CurveP256] connIndex=0 event=0 ip=198.41.192.107
2026-05-31T09:11:14Z ERR failed to run the datagram handler error="context canceled" connIndex=0 event=0 ip=198.41.192.107
2026-05-31T09:11:14Z ERR failed to serve tunnel connection error="control stream encountered a failure while serving" connIndex=0 event=0 ip=198.41.192.107
2026-05-31T09:11:14Z ERR Serve tunnel error error="control stream encountered a failure while serving" connIndex=0 event=0 ip=198.41.192.107
2026-05-31T09:11:14Z INF Retrying connection in up to 1m4s connIndex=0 event=0 ip=198.41.192.107
2026-05-31T09:11:28Z INF Tunnel connection curve preferences: [X25519MLKEM768 CurveID(65074) CurveP256] connIndex=0 event=0 ip=198.41.192.107
2026-05-31T09:11:28Z ERR failed to run the datagram handler error="context canceled" connIndex=0 event=0 ip=198.41.192.107
2026-05-31T09:11:28Z ERR failed to serve tunnel connection error="control stream encountered a failure while serving" connIndex=0 event=0 ip=198.41.192.107
2026-05-31T09:11:28Z ERR Serve tunnel error error="control stream encountered a failure while serving" connIndex=0 event=0 ip=198.41.192.107
2026-05-31T09:11:28Z INF Retrying connection in up to 1m4s connIndex=0 event=0 ip=198.41.192.107
2026-05-31T09:11:54Z INF Tunnel connection curve preferences: [X25519MLKEM768 CurveID(65074) CurveP256] connIndex=0 event=0 ip=198.41.192.107
2026-05-31T09:11:54Z ERR failed to run the datagram handler error="context canceled" connIndex=0 event=0 ip=198.41.192.107
2026-05-31T09:11:54Z ERR failed to serve tunnel connection error="control stream encountered a failure while serving" connIndex=0 event=0 ip=198.41.192.107
2026-05-31T09:11:54Z ERR Serve tunnel error error="control stream encountered a failure while serving" connIndex=0 event=0 ip=198.41.192.107
2026-05-31T09:11:54Z INF Retrying connection in up to 1m4s connIndex=0 event=0 ip=198.41.192.107
2026-05-31T09:12:07Z INF Tunnel connection curve preferences: [X25519MLKEM768 CurveID(65074) CurveP256] connIndex=0 event=0 ip=198.41.192.107
2026-05-31T09:12:07Z ERR failed to run the datagram handler error="context canceled" connIndex=0 event=0 ip=198.41.192.107
2026-05-31T09:12:07Z ERR failed to serve tunnel connection error="control stream encountered a failure while serving" connIndex=0 event=0 ip=198.41.192.107
2026-05-31T09:12:07Z ERR Serve tunnel error error="control stream encountered a failure while serving" connIndex=0 event=0 ip=198.41.192.107
2026-05-31T09:12:07Z INF Retrying connection in up to 1m4s connIndex=0 event=0 ip=198.41.192.107
2026-05-31T09:12:22Z INF Tunnel connection curve preferences: [X25519MLKEM768 CurveID(65074) CurveP256] connIndex=0 event=0 ip=198.41.192.107
2026-05-31T09:12:22Z ERR failed to run the datagram handler error="context canceled" connIndex=0 event=0 ip=198.41.192.107
2026-05-31T09:12:22Z ERR failed to serve tunnel connection error="control stream encountered a failure while serving" connIndex=0 event=0 ip=198.41.192.107
2026-05-31T09:12:22Z ERR Serve tunnel error error="control stream encountered a failure while serving" connIndex=0 event=0 ip=198.41.192.107
2026-05-31T09:12:22Z INF Retrying connection in up to 1m4s connIndex=0 event=0 ip=198.41.192.107
2026-05-31T09:12:42Z INF Tunnel connection curve preferences: [X25519MLKEM768 CurveID(65074) CurveP256] connIndex=0 event=0 ip=198.41.192.107
2026-05-31T09:12:42Z ERR failed to run the datagram handler error="context canceled" connIndex=0 event=0 ip=198.41.192.107
2026-05-31T09:12:42Z ERR failed to serve tunnel connection error="control stream encountered a failure while serving" connIndex=0 event=0 ip=198.41.192.107
2026-05-31T09:12:42Z ERR Serve tunnel error error="control stream encountered a failure while serving" connIndex=0 event=0 ip=198.41.192.107
2026-05-31T09:12:42Z INF Retrying connection in up to 1m4s connIndex=0 event=0 ip=198.41.192.107
2026-05-31T09:12:49Z INF Tunnel connection curve preferences: [X25519MLKEM768 CurveID(65074) CurveP256] connIndex=0 event=0 ip=198.41.192.107
2026-05-31T09:12:49Z ERR failed to run the datagram handler error="context canceled" connIndex=0 event=0 ip=198.41.192.107
2026-05-31T09:12:49Z ERR failed to serve tunnel connection error="control stream encountered a failure while serving" connIndex=0 event=0 ip=198.41.192.107
2026-05-31T09:12:49Z ERR Serve tunnel error error="control stream encountered a failure while serving" connIndex=0 event=0 ip=198.41.192.107
2026-05-31T09:12:49Z INF Retrying connection in up to 1m4s connIndex=0 event=0 ip=198.41.192.107
2026-05-31T09:13:05Z INF Tunnel connection curve preferences: [X25519MLKEM768 CurveID(65074) CurveP256] connIndex=0 event=0 ip=198.41.192.107
2026-05-31T09:13:06Z ERR failed to run the datagram handler error="context canceled" connIndex=0 event=0 ip=198.41.192.107
2026-05-31T09:13:06Z ERR failed to serve tunnel connection error="control stream encountered a failure while serving" connIndex=0 event=0 ip=198.41.192.107
2026-05-31T09:13:06Z ERR Serve tunnel error error="control stream encountered a failure while serving" connIndex=0 event=0 ip=198.41.192.107
2026-05-31T09:13:06Z INF Retrying connection in up to 1m4s connIndex=0 event=0 ip=198.41.192.107
2026-05-31T09:13:19Z INF Tunnel connection curve preferences: [X25519MLKEM768 CurveID(65074) CurveP256] connIndex=0 event=0 ip=198.41.192.107
2026-05-31T09:13:19Z ERR failed to run the datagram handler error="context canceled" connIndex=0 event=0 ip=198.41.192.107
2026-05-31T09:13:19Z ERR failed to serve tunnel connection error="control stream encountered a failure while serving" connIndex=0 event=0 ip=198.41.192.107
2026-05-31T09:13:19Z ERR Serve tunnel error error="control stream encountered a failure while serving" connIndex=0 event=0 ip=198.41.192.107
2026-05-31T09:13:19Z INF Retrying connection in up to 1m4s connIndex=0 event=0 ip=198.41.192.107
2026-05-31T09:13:34Z INF Tunnel connection curve preferences: [X25519MLKEM768 CurveID(65074) CurveP256] connIndex=0 event=0 ip=198.41.192.107
2026-05-31T09:13:34Z ERR failed to run the datagram handler error="context canceled" connIndex=0 event=0 ip=198.41.192.107
2026-05-31T09:13:34Z ERR failed to serve tunnel connection error="control stream encountered a failure while serving" connIndex=0 event=0 ip=198.41.192.107
2026-05-31T09:13:34Z ERR Serve tunnel error error="control stream encountered a failure while serving" connIndex=0 event=0 ip=198.41.192.107
2026-05-31T09:13:34Z INF Retrying connection in up to 1m4s connIndex=0 event=0 ip=198.41.192.107
2026-05-31T09:13:41Z INF Tunnel connection curve preferences: [X25519MLKEM768 CurveID(65074) CurveP256] connIndex=0 event=0 ip=198.41.192.107
2026-05-31T09:13:41Z ERR failed to run the datagram handler error="context canceled" connIndex=0 event=0 ip=198.41.192.107
2026-05-31T09:13:41Z ERR failed to serve tunnel connection error="control stream encountered a failure while serving" connIndex=0 event=0 ip=198.41.192.107
2026-05-31T09:13:41Z ERR Serve tunnel error error="control stream encountered a failure while serving" connIndex=0 event=0 ip=198.41.192.107
2026-05-31T09:13:41Z INF Retrying connection in up to 1m4s connIndex=0 event=0 ip=198.41.192.107
2026-05-31T09:14:10Z INF Tunnel connection curve preferences: [X25519MLKEM768 CurveID(65074) CurveP256] connIndex=0 event=0 ip=198.41.192.107
2026-05-31T09:14:10Z ERR failed to run the datagram handler error="context canceled" connIndex=0 event=0 ip=198.41.192.107
2026-05-31T09:14:10Z ERR failed to serve tunnel connection error="control stream encountered a failure while serving" connIndex=0 event=0 ip=198.41.192.107
2026-05-31T09:14:10Z ERR Serve tunnel error error="control stream encountered a failure while serving" connIndex=0 event=0 ip=198.41.192.107
2026-05-31T09:14:10Z INF Retrying connection in up to 1m4s connIndex=0 event=0 ip=198.41.192.107
2026-05-31T09:14:37Z INF Tunnel connection curve preferences: [X25519MLKEM768 CurveID(65074) CurveP256] connIndex=0 event=0 ip=198.41.192.107
2026-05-31T09:14:37Z ERR failed to run the datagram handler error="context canceled" connIndex=0 event=0 ip=198.41.192.107
2026-05-31T09:14:37Z ERR failed to serve tunnel connection error="control stream encountered a failure while serving" connIndex=0 event=0 ip=198.41.192.107
2026-05-31T09:14:37Z ERR Serve tunnel error error="control stream encountered a failure while serving" connIndex=0 event=0 ip=198.41.192.107
2026-05-31T09:14:37Z INF Retrying connection in up to 1m4s connIndex=0 event=0 ip=198.41.192.107
2026-05-31T09:15:01Z INF Tunnel connection curve preferences: [X25519MLKEM768 CurveID(65074) CurveP256] connIndex=0 event=0 ip=198.41.192.107
2026-05-31T09:15:01Z ERR failed to run the datagram handler error="context canceled" connIndex=0 event=0 ip=198.41.192.107
2026-05-31T09:15:01Z ERR failed to serve tunnel connection error="control stream encountered a failure while serving" connIndex=0 event=0 ip=198.41.192.107
2026-05-31T09:15:01Z ERR Serve tunnel error error="control stream encountered a failure while serving" connIndex=0 event=0 ip=198.41.192.107
2026-05-31T09:15:01Z INF Retrying connection in up to 1m4s connIndex=0 event=0 ip=198.41.192.107
2026-05-31T09:15:09Z INF Tunnel connection curve preferences: [X25519MLKEM768 CurveID(65074) CurveP256] connIndex=0 event=0 ip=198.41.192.107
2026-05-31T09:15:10Z ERR failed to run the datagram handler error="context canceled" connIndex=0 event=0 ip=198.41.192.107
2026-05-31T09:15:10Z ERR failed to serve tunnel connection error="control stream encountered a failure while serving" connIndex=0 event=0 ip=198.41.192.107
2026-05-31T09:15:10Z ERR Serve tunnel error error="control stream encountered a failure while serving" connIndex=0 event=0 ip=198.41.192.107
2026-05-31T09:15:10Z INF Retrying connection in up to 1m4s connIndex=0 event=0 ip=198.41.192.107
2026-05-31T09:15:39Z INF Tunnel connection curve preferences: [X25519MLKEM768 CurveID(65074) CurveP256] connIndex=0 event=0 ip=198.41.192.107
2026-05-31T09:15:39Z ERR failed to run the datagram handler error="context canceled" connIndex=0 event=0 ip=198.41.192.107
2026-05-31T09:15:39Z ERR failed to serve tunnel connection error="control stream encountered a failure while serving" connIndex=0 event=0 ip=198.41.192.107
2026-05-31T09:15:39Z ERR Serve tunnel error error="control stream encountered a failure while serving" connIndex=0 event=0 ip=198.41.192.107
2026-05-31T09:15:39Z INF Retrying connection in up to 1m4s connIndex=0 event=0 ip=198.41.192.107
2026-05-31T09:16:07Z INF Tunnel connection curve preferences: [X25519MLKEM768 CurveID(65074) CurveP256] connIndex=0 event=0 ip=198.41.192.107
2026-05-31T09:16:07Z ERR failed to run the datagram handler error="context canceled" connIndex=0 event=0 ip=198.41.192.107
2026-05-31T09:16:07Z ERR failed to serve tunnel connection error="control stream encountered a failure while serving" connIndex=0 event=0 ip=198.41.192.107
2026-05-31T09:16:07Z ERR Serve tunnel error error="control stream encountered a failure while serving" connIndex=0 event=0 ip=198.41.192.107
2026-05-31T09:16:07Z INF Retrying connection in up to 1m4s connIndex=0 event=0 ip=198.41.192.107
2026-05-31T09:16:11Z INF Tunnel connection curve preferences: [X25519MLKEM768 CurveID(65074) CurveP256] connIndex=0 event=0 ip=198.41.192.107
2026-05-31T09:16:11Z ERR failed to run the datagram handler error="context canceled" connIndex=0 event=0 ip=198.41.192.107
2026-05-31T09:16:11Z ERR failed to serve tunnel connection error="control stream encountered a failure while serving" connIndex=0 event=0 ip=198.41.192.107
2026-05-31T09:16:11Z ERR Serve tunnel error error="control stream encountered a failure while serving" connIndex=0 event=0 ip=198.41.192.107
2026-05-31T09:16:11Z INF Retrying connection in up to 1m4s connIndex=0 event=0 ip=198.41.192.107
2026-05-31T09:16:25Z INF Tunnel connection curve preferences: [X25519MLKEM768 CurveID(65074) CurveP256] connIndex=0 event=0 ip=198.41.192.107
2026-05-31T09:16:25Z ERR failed to run the datagram handler error="context canceled" connIndex=0 event=0 ip=198.41.192.107
2026-05-31T09:16:25Z ERR failed to serve tunnel connection error="control stream encountered a failure while serving" connIndex=0 event=0 ip=198.41.192.107
2026-05-31T09:16:25Z ERR Serve tunnel error error="control stream encountered a failure while serving" connIndex=0 event=0 ip=198.41.192.107
2026-05-31T09:16:25Z INF Retrying connection in up to 1m4s connIndex=0 event=0 ip=198.41.192.107
2026-05-31T09:16:46Z INF Tunnel connection curve preferences: [X25519MLKEM768 CurveID(65074) CurveP256] connIndex=0 event=0 ip=198.41.192.107
2026-05-31T09:16:46Z ERR failed to run the datagram handler error="context canceled" connIndex=0 event=0 ip=198.41.192.107
2026-05-31T09:16:46Z ERR failed to serve tunnel connection error="control stream encountered a failure while serving" connIndex=0 event=0 ip=198.41.192.107
2026-05-31T09:16:46Z ERR Serve tunnel error error="control stream encountered a failure while serving" connIndex=0 event=0 ip=198.41.192.107
2026-05-31T09:16:46Z INF Retrying connection in up to 1m4s connIndex=0 event=0 ip=198.41.192.107
2026-05-31T09:16:59Z INF Tunnel connection curve preferences: [X25519MLKEM768 CurveID(65074) CurveP256] connIndex=0 event=0 ip=198.41.192.107
2026-05-31T09:16:59Z ERR failed to run the datagram handler error="context canceled" connIndex=0 event=0 ip=198.41.192.107
2026-05-31T09:16:59Z ERR failed to serve tunnel connection error="control stream encountered a failure while serving" connIndex=0 event=0 ip=198.41.192.107
2026-05-31T09:16:59Z ERR Serve tunnel error error="control stream encountered a failure while serving" connIndex=0 event=0 ip=198.41.192.107
2026-05-31T09:16:59Z INF Retrying connection in up to 1m4s connIndex=0 event=0 ip=198.41.192.107
2026-05-31T09:17:27Z INF Tunnel connection curve preferences: [X25519MLKEM768 CurveID(65074) CurveP256] connIndex=0 event=0 ip=198.41.192.107
2026-05-31T09:17:27Z ERR failed to run the datagram handler error="context canceled" connIndex=0 event=0 ip=198.41.192.107
2026-05-31T09:17:27Z ERR failed to serve tunnel connection error="control stream encountered a failure while serving" connIndex=0 event=0 ip=198.41.192.107
2026-05-31T09:17:27Z ERR Serve tunnel error error="control stream encountered a failure while serving" connIndex=0 event=0 ip=198.41.192.107
2026-05-31T09:17:27Z INF Retrying connection in up to 1m4s connIndex=0 event=0 ip=198.41.192.107
2026-05-31T09:18:27Z INF Tunnel connection curve preferences: [X25519MLKEM768 CurveID(65074) CurveP256] connIndex=0 event=0 ip=198.41.192.107
2026-05-31T09:18:27Z ERR failed to run the datagram handler error="context canceled" connIndex=0 event=0 ip=198.41.192.107
2026-05-31T09:18:27Z ERR failed to serve tunnel connection error="control stream encountered a failure while serving" connIndex=0 event=0 ip=198.41.192.107
2026-05-31T09:18:27Z ERR Serve tunnel error error="control stream encountered a failure while serving" connIndex=0 event=0 ip=198.41.192.107
2026-05-31T09:18:27Z INF Retrying connection in up to 1m4s connIndex=0 event=0 ip=198.41.192.107
2026-05-31T09:18:32Z INF Tunnel connection curve preferences: [X25519MLKEM768 CurveID(65074) CurveP256] connIndex=0 event=0 ip=198.41.192.107
2026-05-31T09:18:32Z ERR failed to run the datagram handler error="context canceled" connIndex=0 event=0 ip=198.41.192.107
2026-05-31T09:18:32Z ERR failed to serve tunnel connection error="control stream encountered a failure while serving" connIndex=0 event=0 ip=198.41.192.107
2026-05-31T09:18:32Z ERR Serve tunnel error error="control stream encountered a failure while serving" connIndex=0 event=0 ip=198.41.192.107
2026-05-31T09:18:32Z INF Retrying connection in up to 1m4s connIndex=0 event=0 ip=198.41.192.107
2026-05-31T09:18:52Z INF Tunnel connection curve preferences: [X25519MLKEM768 CurveID(65074) CurveP256] connIndex=0 event=0 ip=198.41.192.107
2026-05-31T09:18:52Z ERR failed to run the datagram handler error="context canceled" connIndex=0 event=0 ip=198.41.192.107
2026-05-31T09:18:52Z ERR failed to serve tunnel connection error="control stream encountered a failure while serving" connIndex=0 event=0 ip=198.41.192.107
2026-05-31T09:18:52Z ERR Serve tunnel error error="control stream encountered a failure while serving" connIndex=0 event=0 ip=198.41.192.107
2026-05-31T09:18:52Z INF Retrying connection in up to 1m4s connIndex=0 event=0 ip=198.41.192.107
2026-05-31T09:19:16Z INF Tunnel connection curve preferences: [X25519MLKEM768 CurveID(65074) CurveP256] connIndex=0 event=0 ip=198.41.192.107
2026-05-31T09:19:17Z ERR failed to run the datagram handler error="context canceled" connIndex=0 event=0 ip=198.41.192.107
2026-05-31T09:19:17Z ERR failed to serve tunnel connection error="control stream encountered a failure while serving" connIndex=0 event=0 ip=198.41.192.107
2026-05-31T09:19:17Z ERR Serve tunnel error error="control stream encountered a failure while serving" connIndex=0 event=0 ip=198.41.192.107
2026-05-31T09:19:17Z INF Retrying connection in up to 1m4s connIndex=0 event=0 ip=198.41.192.107
2026-05-31T09:19:37Z INF Tunnel connection curve preferences: [X25519MLKEM768 CurveID(65074) CurveP256] connIndex=0 event=0 ip=198.41.192.107
2026-05-31T09:19:37Z ERR failed to run the datagram handler error="context canceled" connIndex=0 event=0 ip=198.41.192.107
2026-05-31T09:19:37Z ERR failed to serve tunnel connection error="control stream encountered a failure while serving" connIndex=0 event=0 ip=198.41.192.107
2026-05-31T09:19:37Z ERR Serve tunnel error error="control stream encountered a failure while serving" connIndex=0 event=0 ip=198.41.192.107
2026-05-31T09:19:37Z INF Retrying connection in up to 1m4s connIndex=0 event=0 ip=198.41.192.107
2026-05-31T09:19:45Z INF Tunnel connection curve preferences: [X25519MLKEM768 CurveID(65074) CurveP256] connIndex=0 event=0 ip=198.41.192.107
2026-05-31T09:19:45Z ERR failed to run the datagram handler error="context canceled" connIndex=0 event=0 ip=198.41.192.107
2026-05-31T09:19:45Z ERR failed to serve tunnel connection error="control stream encountered a failure while serving" connIndex=0 event=0 ip=198.41.192.107
2026-05-31T09:19:45Z ERR Serve tunnel error error="control stream encountered a failure while serving" connIndex=0 event=0 ip=198.41.192.107
2026-05-31T09:19:45Z INF Retrying connection in up to 1m4s connIndex=0 event=0 ip=198.41.192.107
2026-05-31T09:20:06Z INF Tunnel connection curve preferences: [X25519MLKEM768 CurveID(65074) CurveP256] connIndex=0 event=0 ip=198.41.192.107
2026-05-31T09:20:06Z ERR failed to run the datagram handler error="context canceled" connIndex=0 event=0 ip=198.41.192.107
2026-05-31T09:20:06Z ERR failed to serve tunnel connection error="control stream encountered a failure while serving" connIndex=0 event=0 ip=198.41.192.107
2026-05-31T09:20:06Z ERR Serve tunnel error error="control stream encountered a failure while serving" connIndex=0 event=0 ip=198.41.192.107
2026-05-31T09:20:06Z INF Retrying connection in up to 1m4s connIndex=0 event=0 ip=198.41.192.107
2026-05-31T09:20:25Z INF Tunnel connection curve preferences: [X25519MLKEM768 CurveID(65074) CurveP256] connIndex=0 event=0 ip=198.41.192.107
2026-05-31T09:20:25Z ERR failed to run the datagram handler error="context canceled" connIndex=0 event=0 ip=198.41.192.107
2026-05-31T09:20:25Z ERR failed to serve tunnel connection error="control stream encountered a failure while serving" connIndex=0 event=0 ip=198.41.192.107
2026-05-31T09:20:25Z ERR Serve tunnel error error="control stream encountered a failure while serving" connIndex=0 event=0 ip=198.41.192.107
2026-05-31T09:20:25Z INF Retrying connection in up to 1m4s connIndex=0 event=0 ip=198.41.192.107
2026-05-31T09:20:31Z INF Tunnel connection curve preferences: [X25519MLKEM768 CurveID(65074) CurveP256] connIndex=0 event=0 ip=198.41.192.107
2026-05-31T09:20:31Z ERR failed to run the datagram handler error="context canceled" connIndex=0 event=0 ip=198.41.192.107
2026-05-31T09:20:31Z ERR failed to serve tunnel connection error="control stream encountered a failure while serving" connIndex=0 event=0 ip=198.41.192.107
2026-05-31T09:20:31Z ERR Serve tunnel error error="control stream encountered a failure while serving" connIndex=0 event=0 ip=198.41.192.107
2026-05-31T09:20:31Z INF Retrying connection in up to 1m4s connIndex=0 event=0 ip=198.41.192.107
2026-05-31T09:20:51Z INF Tunnel connection curve preferences: [X25519MLKEM768 CurveID(65074) CurveP256] connIndex=0 event=0 ip=198.41.192.107
2026-05-31T09:20:51Z ERR failed to run the datagram handler error="context canceled" connIndex=0 event=0 ip=198.41.192.107
2026-05-31T09:20:51Z ERR failed to serve tunnel connection error="control stream encountered a failure while serving" connIndex=0 event=0 ip=198.41.192.107
2026-05-31T09:20:51Z ERR Serve tunnel error error="control stream encountered a failure while serving" connIndex=0 event=0 ip=198.41.192.107
2026-05-31T09:20:51Z INF Retrying connection in up to 1m4s connIndex=0 event=0 ip=198.41.192.107
2026-05-31T09:21:17Z INF Tunnel connection curve preferences: [X25519MLKEM768 CurveID(65074) CurveP256] connIndex=0 event=0 ip=198.41.192.107
2026-05-31T09:21:17Z ERR failed to run the datagram handler error="context canceled" connIndex=0 event=0 ip=198.41.192.107
2026-05-31T09:21:17Z ERR failed to serve tunnel connection error="control stream encountered a failure while serving" connIndex=0 event=0 ip=198.41.192.107
2026-05-31T09:21:17Z ERR Serve tunnel error error="control stream encountered a failure while serving" connIndex=0 event=0 ip=198.41.192.107
2026-05-31T09:21:17Z INF Retrying connection in up to 1m4s connIndex=0 event=0 ip=198.41.192.107
2026-05-31T09:21:35Z INF Tunnel connection curve preferences: [X25519MLKEM768 CurveID(65074) CurveP256] connIndex=0 event=0 ip=198.41.192.107
2026-05-31T09:21:35Z ERR failed to run the datagram handler error="context canceled" connIndex=0 event=0 ip=198.41.192.107
2026-05-31T09:21:35Z ERR failed to serve tunnel connection error="control stream encountered a failure while serving" connIndex=0 event=0 ip=198.41.192.107
2026-05-31T09:21:35Z ERR Serve tunnel error error="control stream encountered a failure while serving" connIndex=0 event=0 ip=198.41.192.107
2026-05-31T09:21:35Z INF Retrying connection in up to 1m4s connIndex=0 event=0 ip=198.41.192.107
2026-05-31T09:21:55Z INF Tunnel connection curve preferences: [X25519MLKEM768 CurveID(65074) CurveP256] connIndex=0 event=0 ip=198.41.192.107
2026-05-31T09:21:55Z ERR failed to run the datagram handler error="context canceled" connIndex=0 event=0 ip=198.41.192.107
2026-05-31T09:21:55Z ERR failed to serve tunnel connection error="control stream encountered a failure while serving" connIndex=0 event=0 ip=198.41.192.107
2026-05-31T09:21:55Z ERR Serve tunnel error error="control stream encountered a failure while serving" connIndex=0 event=0 ip=198.41.192.107
2026-05-31T09:21:55Z INF Retrying connection in up to 1m4s connIndex=0 event=0 ip=198.41.192.107
2026-05-31T09:22:24Z INF Tunnel connection curve preferences: [X25519MLKEM768 CurveID(65074) CurveP256] connIndex=0 event=0 ip=198.41.192.107
2026-05-31T09:22:24Z ERR failed to run the datagram handler error="context canceled" connIndex=0 event=0 ip=198.41.192.107
2026-05-31T09:22:24Z ERR failed to serve tunnel connection error="control stream encountered a failure while serving" connIndex=0 event=0 ip=198.41.192.107
2026-05-31T09:22:24Z ERR Serve tunnel error error="control stream encountered a failure while serving" connIndex=0 event=0 ip=198.41.192.107
2026-05-31T09:22:24Z INF Retrying connection in up to 1m4s connIndex=0 event=0 ip=198.41.192.107
2026-05-31T09:22:39Z INF Tunnel connection curve preferences: [X25519MLKEM768 CurveID(65074) CurveP256] connIndex=0 event=0 ip=198.41.192.107
2026-05-31T09:22:39Z ERR failed to run the datagram handler error="context canceled" connIndex=0 event=0 ip=198.41.192.107
2026-05-31T09:22:39Z ERR failed to serve tunnel connection error="control stream encountered a failure while serving" connIndex=0 event=0 ip=198.41.192.107
2026-05-31T09:22:39Z ERR Serve tunnel error error="control stream encountered a failure while serving" connIndex=0 event=0 ip=198.41.192.107
2026-05-31T09:22:39Z INF Retrying connection in up to 1m4s connIndex=0 event=0 ip=198.41.192.107
2026-05-31T09:22:44Z INF Tunnel connection curve preferences: [X25519MLKEM768 CurveID(65074) CurveP256] connIndex=0 event=0 ip=198.41.192.107
2026-05-31T09:22:44Z ERR failed to run the datagram handler error="context canceled" connIndex=0 event=0 ip=198.41.192.107
2026-05-31T09:22:44Z ERR failed to serve tunnel connection error="control stream encountered a failure while serving" connIndex=0 event=0 ip=198.41.192.107
2026-05-31T09:22:44Z ERR Serve tunnel error error="control stream encountered a failure while serving" connIndex=0 event=0 ip=198.41.192.107
2026-05-31T09:22:44Z INF Retrying connection in up to 1m4s connIndex=0 event=0 ip=198.41.192.107
2026-05-31T09:22:50Z INF Tunnel connection curve preferences: [X25519MLKEM768 CurveID(65074) CurveP256] connIndex=0 event=0 ip=198.41.192.107
2026-05-31T09:22:50Z ERR failed to run the datagram handler error="context canceled" connIndex=0 event=0 ip=198.41.192.107
2026-05-31T09:22:50Z ERR failed to serve tunnel connection error="control stream encountered a failure while serving" connIndex=0 event=0 ip=198.41.192.107
2026-05-31T09:22:50Z ERR Serve tunnel error error="control stream encountered a failure while serving" connIndex=0 event=0 ip=198.41.192.107
2026-05-31T09:22:50Z INF Retrying connection in up to 1m4s connIndex=0 event=0 ip=198.41.192.107
2026-05-31T09:28:59Z INF Tunnel connection curve preferences: [X25519MLKEM768 CurveID(65074) CurveP256] connIndex=0 event=0 ip=198.41.192.107
2026-05-31T09:28:59Z ERR failed to run the datagram handler error="context canceled" connIndex=0 event=0 ip=198.41.192.107
2026-05-31T09:28:59Z ERR failed to serve tunnel connection error="control stream encountered a failure while serving" connIndex=0 event=0 ip=198.41.192.107
2026-05-31T09:28:59Z ERR Serve tunnel error error="control stream encountered a failure while serving" connIndex=0 event=0 ip=198.41.192.107
2026-05-31T09:28:59Z INF Retrying connection in up to 1m4s connIndex=0 event=0 ip=198.41.192.107
2026-05-31T09:29:25Z INF Tunnel connection curve preferences: [X25519MLKEM768 CurveID(65074) CurveP256] connIndex=0 event=0 ip=198.41.192.107
2026-05-31T09:29:25Z ERR failed to run the datagram handler error="context canceled" connIndex=0 event=0 ip=198.41.192.107
2026-05-31T09:29:25Z ERR failed to serve tunnel connection error="control stream encountered a failure while serving" connIndex=0 event=0 ip=198.41.192.107
2026-05-31T09:29:25Z ERR Serve tunnel error error="control stream encountered a failure while serving" connIndex=0 event=0 ip=198.41.192.107
2026-05-31T09:29:25Z INF Retrying connection in up to 1m4s connIndex=0 event=0 ip=198.41.192.107
2026-05-31T09:29:28Z INF Tunnel connection curve preferences: [X25519MLKEM768 CurveID(65074) CurveP256] connIndex=0 event=0 ip=198.41.192.107
2026-05-31T09:29:28Z ERR failed to run the datagram handler error="context canceled" connIndex=0 event=0 ip=198.41.192.107
2026-05-31T09:29:28Z ERR failed to serve tunnel connection error="control stream encountered a failure while serving" connIndex=0 event=0 ip=198.41.192.107
2026-05-31T09:29:28Z ERR Serve tunnel error error="control stream encountered a failure while serving" connIndex=0 event=0 ip=198.41.192.107
2026-05-31T09:29:28Z INF Retrying connection in up to 1m4s connIndex=0 event=0 ip=198.41.192.107
2026-05-31T09:29:53Z INF Tunnel connection curve preferences: [X25519MLKEM768 CurveID(65074) CurveP256] connIndex=0 event=0 ip=198.41.192.107
2026-05-31T09:29:53Z ERR failed to run the datagram handler error="context canceled" connIndex=0 event=0 ip=198.41.192.107
2026-05-31T09:29:53Z ERR failed to serve tunnel connection error="control stream encountered a failure while serving" connIndex=0 event=0 ip=198.41.192.107
2026-05-31T09:29:53Z ERR Serve tunnel error error="control stream encountered a failure while serving" connIndex=0 event=0 ip=198.41.192.107
2026-05-31T09:29:53Z INF Retrying connection in up to 1m4s connIndex=0 event=0 ip=198.41.192.107
2026-05-31T09:30:11Z INF Tunnel connection curve preferences: [X25519MLKEM768 CurveID(65074) CurveP256] connIndex=0 event=0 ip=198.41.192.107
2026-05-31T09:30:11Z ERR failed to run the datagram handler error="context canceled" connIndex=0 event=0 ip=198.41.192.107
2026-05-31T09:30:11Z ERR failed to serve tunnel connection error="control stream encountered a failure while serving" connIndex=0 event=0 ip=198.41.192.107
2026-05-31T09:30:11Z ERR Serve tunnel error error="control stream encountered a failure while serving" connIndex=0 event=0 ip=198.41.192.107
2026-05-31T09:30:11Z INF Retrying connection in up to 1m4s connIndex=0 event=0 ip=198.41.192.107
2026-05-31T09:30:30Z INF Tunnel connection curve preferences: [X25519MLKEM768 CurveID(65074) CurveP256] connIndex=0 event=0 ip=198.41.192.107
2026-05-31T09:30:30Z ERR failed to run the datagram handler error="context canceled" connIndex=0 event=0 ip=198.41.192.107
2026-05-31T09:30:30Z ERR failed to serve tunnel connection error="control stream encountered a failure while serving" connIndex=0 event=0 ip=198.41.192.107
2026-05-31T09:30:30Z ERR Serve tunnel error error="control stream encountered a failure while serving" connIndex=0 event=0 ip=198.41.192.107
2026-05-31T09:30:30Z INF Retrying connection in up to 1m4s connIndex=0 event=0 ip=198.41.192.107
2026-05-31T09:31:02Z INF Tunnel connection curve preferences: [X25519MLKEM768 CurveID(65074) CurveP256] connIndex=0 event=0 ip=198.41.192.107
2026-05-31T09:31:02Z ERR failed to run the datagram handler error="context canceled" connIndex=0 event=0 ip=198.41.192.107
2026-05-31T09:31:02Z ERR failed to serve tunnel connection error="control stream encountered a failure while serving" connIndex=0 event=0 ip=198.41.192.107
2026-05-31T09:31:02Z ERR Serve tunnel error error="control stream encountered a failure while serving" connIndex=0 event=0 ip=198.41.192.107
2026-05-31T09:31:02Z INF Retrying connection in up to 1m4s connIndex=0 event=0 ip=198.41.192.107
2026-05-31T09:31:05Z INF Tunnel connection curve preferences: [X25519MLKEM768 CurveID(65074) CurveP256] connIndex=0 event=0 ip=198.41.192.107
2026-05-31T09:31:05Z ERR failed to run the datagram handler error="context canceled" connIndex=0 event=0 ip=198.41.192.107
2026-05-31T09:31:05Z ERR failed to serve tunnel connection error="control stream encountered a failure while serving" connIndex=0 event=0 ip=198.41.192.107
2026-05-31T09:31:05Z ERR Serve tunnel error error="control stream encountered a failure while serving" connIndex=0 event=0 ip=198.41.192.107
2026-05-31T09:31:05Z INF Retrying connection in up to 1m4s connIndex=0 event=0 ip=198.41.192.107
2026-05-31T09:31:11Z INF Tunnel connection curve preferences: [X25519MLKEM768 CurveID(65074) CurveP256] connIndex=0 event=0 ip=198.41.192.107
2026-05-31T09:31:11Z ERR failed to run the datagram handler error="context canceled" connIndex=0 event=0 ip=198.41.192.107
2026-05-31T09:31:11Z ERR failed to serve tunnel connection error="control stream encountered a failure while serving" connIndex=0 event=0 ip=198.41.192.107
2026-05-31T09:31:11Z ERR Serve tunnel error error="control stream encountered a failure while serving" connIndex=0 event=0 ip=198.41.192.107
2026-05-31T09:31:11Z INF Retrying connection in up to 1m4s connIndex=0 event=0 ip=198.41.192.107
2026-05-31T09:31:32Z INF Tunnel connection curve preferences: [X25519MLKEM768 CurveID(65074) CurveP256] connIndex=0 event=0 ip=198.41.192.107
2026-05-31T09:31:33Z ERR failed to run the datagram handler error="context canceled" connIndex=0 event=0 ip=198.41.192.107
2026-05-31T09:31:33Z ERR failed to serve tunnel connection error="control stream encountered a failure while serving" connIndex=0 event=0 ip=198.41.192.107
2026-05-31T09:31:33Z ERR Serve tunnel error error="control stream encountered a failure while serving" connIndex=0 event=0 ip=198.41.192.107
2026-05-31T09:31:33Z INF Retrying connection in up to 1m4s connIndex=0 event=0 ip=198.41.192.107
2026-05-31T09:31:46Z INF Tunnel connection curve preferences: [X25519MLKEM768 CurveID(65074) CurveP256] connIndex=0 event=0 ip=198.41.192.107
2026-05-31T09:31:46Z ERR failed to run the datagram handler error="context canceled" connIndex=0 event=0 ip=198.41.192.107
2026-05-31T09:31:46Z ERR failed to serve tunnel connection error="control stream encountered a failure while serving" connIndex=0 event=0 ip=198.41.192.107
2026-05-31T09:31:46Z ERR Serve tunnel error error="control stream encountered a failure while serving" connIndex=0 event=0 ip=198.41.192.107
2026-05-31T09:31:46Z INF Retrying connection in up to 1m4s connIndex=0 event=0 ip=198.41.192.107
2026-05-31T09:32:13Z INF Tunnel connection curve preferences: [X25519MLKEM768 CurveID(65074) CurveP256] connIndex=0 event=0 ip=198.41.192.107
2026-05-31T09:32:13Z ERR failed to run the datagram handler error="context canceled" connIndex=0 event=0 ip=198.41.192.107
2026-05-31T09:32:13Z ERR failed to serve tunnel connection error="control stream encountered a failure while serving" connIndex=0 event=0 ip=198.41.192.107
2026-05-31T09:32:13Z ERR Serve tunnel error error="control stream encountered a failure while serving" connIndex=0 event=0 ip=198.41.192.107
2026-05-31T09:32:13Z INF Retrying connection in up to 1m4s connIndex=0 event=0 ip=198.41.192.107
2026-05-31T09:32:15Z INF Tunnel connection curve preferences: [X25519MLKEM768 CurveID(65074) CurveP256] connIndex=0 event=0 ip=198.41.192.107
2026-05-31T09:32:15Z ERR failed to run the datagram handler error="context canceled" connIndex=0 event=0 ip=198.41.192.107
2026-05-31T09:32:15Z ERR failed to serve tunnel connection error="control stream encountered a failure while serving" connIndex=0 event=0 ip=198.41.192.107
2026-05-31T09:32:15Z ERR Serve tunnel error error="control stream encountered a failure while serving" connIndex=0 event=0 ip=198.41.192.107
2026-05-31T09:32:15Z INF Retrying connection in up to 1m4s connIndex=0 event=0 ip=198.41.192.107
2026-05-31T09:32:20Z INF Tunnel connection curve preferences: [X25519MLKEM768 CurveID(65074) CurveP256] connIndex=0 event=0 ip=198.41.192.107
2026-05-31T09:32:20Z ERR failed to run the datagram handler error="context canceled" connIndex=0 event=0 ip=198.41.192.107
2026-05-31T09:32:20Z ERR failed to serve tunnel connection error="control stream encountered a failure while serving" connIndex=0 event=0 ip=198.41.192.107
2026-05-31T09:32:20Z ERR Serve tunnel error error="control stream encountered a failure while serving" connIndex=0 event=0 ip=198.41.192.107
2026-05-31T09:32:20Z INF Retrying connection in up to 1m4s connIndex=0 event=0 ip=198.41.192.107
2026-05-31T09:32:49Z INF Tunnel connection curve preferences: [X25519MLKEM768 CurveID(65074) CurveP256] connIndex=0 event=0 ip=198.41.192.107
2026-05-31T09:32:49Z ERR failed to run the datagram handler error="context canceled" connIndex=0 event=0 ip=198.41.192.107
2026-05-31T09:32:49Z ERR failed to serve tunnel connection error="control stream encountered a failure while serving" connIndex=0 event=0 ip=198.41.192.107
2026-05-31T09:32:49Z ERR Serve tunnel error error="control stream encountered a failure while serving" connIndex=0 event=0 ip=198.41.192.107
2026-05-31T09:32:49Z INF Retrying connection in up to 1m4s connIndex=0 event=0 ip=198.41.192.107
2026-05-31T09:33:14Z INF Tunnel connection curve preferences: [X25519MLKEM768 CurveID(65074) CurveP256] connIndex=0 event=0 ip=198.41.192.107
2026-05-31T09:33:14Z ERR failed to run the datagram handler error="context canceled" connIndex=0 event=0 ip=198.41.192.107
2026-05-31T09:33:14Z ERR failed to serve tunnel connection error="control stream encountered a failure while serving" connIndex=0 event=0 ip=198.41.192.107
2026-05-31T09:33:14Z ERR Serve tunnel error error="control stream encountered a failure while serving" connIndex=0 event=0 ip=198.41.192.107
2026-05-31T09:33:14Z INF Retrying connection in up to 1m4s connIndex=0 event=0 ip=198.41.192.107
2026-05-31T09:33:43Z INF Tunnel connection curve preferences: [X25519MLKEM768 CurveID(65074) CurveP256] connIndex=0 event=0 ip=198.41.192.107
2026-05-31T09:33:43Z ERR failed to run the datagram handler error="context canceled" connIndex=0 event=0 ip=198.41.192.107
2026-05-31T09:33:43Z ERR failed to serve tunnel connection error="control stream encountered a failure while serving" connIndex=0 event=0 ip=198.41.192.107
2026-05-31T09:33:43Z ERR Serve tunnel error error="control stream encountered a failure while serving" connIndex=0 event=0 ip=198.41.192.107
2026-05-31T09:33:43Z INF Retrying connection in up to 1m4s connIndex=0 event=0 ip=198.41.192.107
2026-05-31T09:33:47Z INF Tunnel connection curve preferences: [X25519MLKEM768 CurveID(65074) CurveP256] connIndex=0 event=0 ip=198.41.192.107
2026-05-31T09:33:47Z ERR failed to run the datagram handler error="context canceled" connIndex=0 event=0 ip=198.41.192.107
2026-05-31T09:33:47Z ERR failed to serve tunnel connection error="control stream encountered a failure while serving" connIndex=0 event=0 ip=198.41.192.107
2026-05-31T09:33:47Z ERR Serve tunnel error error="control stream encountered a failure while serving" connIndex=0 event=0 ip=198.41.192.107
2026-05-31T09:33:47Z INF Retrying connection in up to 1m4s connIndex=0 event=0 ip=198.41.192.107
2026-05-31T09:34:16Z INF Tunnel connection curve preferences: [X25519MLKEM768 CurveID(65074) CurveP256] connIndex=0 event=0 ip=198.41.192.107
2026-05-31T09:34:16Z ERR failed to run the datagram handler error="context canceled" connIndex=0 event=0 ip=198.41.192.107
2026-05-31T09:34:16Z ERR failed to serve tunnel connection error="control stream encountered a failure while serving" connIndex=0 event=0 ip=198.41.192.107
2026-05-31T09:34:16Z ERR Serve tunnel error error="control stream encountered a failure while serving" connIndex=0 event=0 ip=198.41.192.107
2026-05-31T09:34:16Z INF Retrying connection in up to 1m4s connIndex=0 event=0 ip=198.41.192.107
2026-05-31T09:34:37Z INF Tunnel connection curve preferences: [X25519MLKEM768 CurveID(65074) CurveP256] connIndex=0 event=0 ip=198.41.192.107
2026-05-31T09:34:37Z ERR failed to run the datagram handler error="context canceled" connIndex=0 event=0 ip=198.41.192.107
2026-05-31T09:34:37Z ERR failed to serve tunnel connection error="control stream encountered a failure while serving" connIndex=0 event=0 ip=198.41.192.107
2026-05-31T09:34:37Z ERR Serve tunnel error error="control stream encountered a failure while serving" connIndex=0 event=0 ip=198.41.192.107
2026-05-31T09:34:37Z INF Retrying connection in up to 1m4s connIndex=0 event=0 ip=198.41.192.107
2026-05-31T09:34:40Z INF Tunnel connection curve preferences: [X25519MLKEM768 CurveID(65074) CurveP256] connIndex=0 event=0 ip=198.41.192.107
2026-05-31T09:34:40Z ERR failed to run the datagram handler error="context canceled" connIndex=0 event=0 ip=198.41.192.107
2026-05-31T09:34:40Z ERR failed to serve tunnel connection error="control stream encountered a failure while serving" connIndex=0 event=0 ip=198.41.192.107
2026-05-31T09:34:40Z ERR Serve tunnel error error="control stream encountered a failure while serving" connIndex=0 event=0 ip=198.41.192.107
2026-05-31T09:34:40Z INF Retrying connection in up to 1m4s connIndex=0 event=0 ip=198.41.192.107
2026-05-31T09:34:58Z INF Tunnel connection curve preferences: [X25519MLKEM768 CurveID(65074) CurveP256] connIndex=0 event=0 ip=198.41.192.107
2026-05-31T09:34:58Z ERR failed to run the datagram handler error="context canceled" connIndex=0 event=0 ip=198.41.192.107
2026-05-31T09:34:58Z ERR failed to serve tunnel connection error="control stream encountered a failure while serving" connIndex=0 event=0 ip=198.41.192.107
2026-05-31T09:34:58Z ERR Serve tunnel error error="control stream encountered a failure while serving" connIndex=0 event=0 ip=198.41.192.107
2026-05-31T09:34:58Z INF Retrying connection in up to 1m4s connIndex=0 event=0 ip=198.41.192.107
2026-05-31T09:35:03Z INF Tunnel connection curve preferences: [X25519MLKEM768 CurveID(65074) CurveP256] connIndex=0 event=0 ip=198.41.192.107
2026-05-31T09:35:03Z ERR failed to run the datagram handler error="context canceled" connIndex=0 event=0 ip=198.41.192.107
2026-05-31T09:35:03Z ERR failed to serve tunnel connection error="control stream encountered a failure while serving" connIndex=0 event=0 ip=198.41.192.107
2026-05-31T09:35:03Z ERR Serve tunnel error error="control stream encountered a failure while serving" connIndex=0 event=0 ip=198.41.192.107
2026-05-31T09:35:03Z INF Retrying connection in up to 1m4s connIndex=0 event=0 ip=198.41.192.107
2026-05-31T09:35:22Z INF Tunnel connection curve preferences: [X25519MLKEM768 CurveID(65074) CurveP256] connIndex=0 event=0 ip=198.41.192.107
2026-05-31T09:35:22Z ERR failed to run the datagram handler error="context canceled" connIndex=0 event=0 ip=198.41.192.107
2026-05-31T09:35:22Z ERR failed to serve tunnel connection error="control stream encountered a failure while serving" connIndex=0 event=0 ip=198.41.192.107
2026-05-31T09:35:22Z ERR Serve tunnel error error="control stream encountered a failure while serving" connIndex=0 event=0 ip=198.41.192.107
2026-05-31T09:35:22Z INF Retrying connection in up to 1m4s connIndex=0 event=0 ip=198.41.192.107
2026-05-31T09:35:24Z INF Tunnel connection curve preferences: [X25519MLKEM768 CurveID(65074) CurveP256] connIndex=0 event=0 ip=198.41.192.107
2026-05-31T09:35:24Z ERR failed to run the datagram handler error="context canceled" connIndex=0 event=0 ip=198.41.192.107
2026-05-31T09:35:24Z ERR failed to serve tunnel connection error="control stream encountered a failure while serving" connIndex=0 event=0 ip=198.41.192.107
2026-05-31T09:35:24Z ERR Serve tunnel error error="control stream encountered a failure while serving" connIndex=0 event=0 ip=198.41.192.107
2026-05-31T09:35:24Z INF Retrying connection in up to 1m4s connIndex=0 event=0 ip=198.41.192.107
2026-05-31T09:35:55Z INF Tunnel connection curve preferences: [X25519MLKEM768 CurveID(65074) CurveP256] connIndex=0 event=0 ip=198.41.192.107
2026-05-31T09:35:55Z ERR failed to run the datagram handler error="context canceled" connIndex=0 event=0 ip=198.41.192.107
2026-05-31T09:35:55Z ERR failed to serve tunnel connection error="control stream encountered a failure while serving" connIndex=0 event=0 ip=198.41.192.107
2026-05-31T09:35:55Z ERR Serve tunnel error error="control stream encountered a failure while serving" connIndex=0 event=0 ip=198.41.192.107
2026-05-31T09:35:55Z INF Retrying connection in up to 1m4s connIndex=0 event=0 ip=198.41.192.107
2026-05-31T09:36:10Z INF Tunnel connection curve preferences: [X25519MLKEM768 CurveID(65074) CurveP256] connIndex=0 event=0 ip=198.41.192.107
2026-05-31T09:36:10Z ERR failed to run the datagram handler error="context canceled" connIndex=0 event=0 ip=198.41.192.107
2026-05-31T09:36:10Z ERR failed to serve tunnel connection error="control stream encountered a failure while serving" connIndex=0 event=0 ip=198.41.192.107
2026-05-31T09:36:10Z ERR Serve tunnel error error="control stream encountered a failure while serving" connIndex=0 event=0 ip=198.41.192.107
2026-05-31T09:36:10Z INF Retrying connection in up to 1m4s connIndex=0 event=0 ip=198.41.192.107
2026-05-31T09:36:28Z INF Tunnel connection curve preferences: [X25519MLKEM768 CurveID(65074) CurveP256] connIndex=0 event=0 ip=198.41.192.107
2026-05-31T09:36:28Z ERR failed to run the datagram handler error="context canceled" connIndex=0 event=0 ip=198.41.192.107
2026-05-31T09:36:28Z ERR failed to serve tunnel connection error="control stream encountered a failure while serving" connIndex=0 event=0 ip=198.41.192.107
2026-05-31T09:36:28Z ERR Serve tunnel error error="control stream encountered a failure while serving" connIndex=0 event=0 ip=198.41.192.107
2026-05-31T09:36:28Z INF Retrying connection in up to 1m4s connIndex=0 event=0 ip=198.41.192.107
2026-05-31T09:36:29Z INF Tunnel connection curve preferences: [X25519MLKEM768 CurveID(65074) CurveP256] connIndex=0 event=0 ip=198.41.192.107
2026-05-31T09:36:29Z ERR failed to run the datagram handler error="context canceled" connIndex=0 event=0 ip=198.41.192.107
2026-05-31T09:36:29Z ERR failed to serve tunnel connection error="control stream encountered a failure while serving" connIndex=0 event=0 ip=198.41.192.107
2026-05-31T09:36:29Z ERR Serve tunnel error error="control stream encountered a failure while serving" connIndex=0 event=0 ip=198.41.192.107
2026-05-31T09:36:29Z INF Retrying connection in up to 1m4s connIndex=0 event=0 ip=198.41.192.107
2026-05-31T09:36:59Z INF Tunnel connection curve preferences: [X25519MLKEM768 CurveID(65074) CurveP256] connIndex=0 event=0 ip=198.41.192.107
2026-05-31T09:36:59Z ERR failed to run the datagram handler error="context canceled" connIndex=0 event=0 ip=198.41.192.107
2026-05-31T09:36:59Z ERR failed to serve tunnel connection error="control stream encountered a failure while serving" connIndex=0 event=0 ip=198.41.192.107
2026-05-31T09:36:59Z ERR Serve tunnel error error="control stream encountered a failure while serving" connIndex=0 event=0 ip=198.41.192.107
2026-05-31T09:36:59Z INF Retrying connection in up to 1m4s connIndex=0 event=0 ip=198.41.192.107
2026-05-31T09:37:22Z INF Tunnel connection curve preferences: [X25519MLKEM768 CurveID(65074) CurveP256] connIndex=0 event=0 ip=198.41.192.107
2026-05-31T09:37:22Z ERR failed to run the datagram handler error="context canceled" connIndex=0 event=0 ip=198.41.192.107
2026-05-31T09:37:22Z ERR failed to serve tunnel connection error="control stream encountered a failure while serving" connIndex=0 event=0 ip=198.41.192.107
2026-05-31T09:37:22Z ERR Serve tunnel error error="control stream encountered a failure while serving" connIndex=0 event=0 ip=198.41.192.107
2026-05-31T09:37:22Z INF Retrying connection in up to 1m4s connIndex=0 event=0 ip=198.41.192.107
2026-05-31T09:37:35Z INF Tunnel connection curve preferences: [X25519MLKEM768 CurveID(65074) CurveP256] connIndex=0 event=0 ip=198.41.192.107
2026-05-31T09:37:35Z ERR failed to run the datagram handler error="context canceled" connIndex=0 event=0 ip=198.41.192.107
2026-05-31T09:37:35Z ERR failed to serve tunnel connection error="control stream encountered a failure while serving" connIndex=0 event=0 ip=198.41.192.107
2026-05-31T09:37:35Z ERR Serve tunnel error error="control stream encountered a failure while serving" connIndex=0 event=0 ip=198.41.192.107
2026-05-31T09:37:35Z INF Retrying connection in up to 1m4s connIndex=0 event=0 ip=198.41.192.107
2026-05-31T09:37:46Z INF Tunnel connection curve preferences: [X25519MLKEM768 CurveID(65074) CurveP256] connIndex=0 event=0 ip=198.41.192.107
2026-05-31T09:37:46Z ERR failed to run the datagram handler error="context canceled" connIndex=0 event=0 ip=198.41.192.107
2026-05-31T09:37:46Z ERR failed to serve tunnel connection error="control stream encountered a failure while serving" connIndex=0 event=0 ip=198.41.192.107
2026-05-31T09:37:46Z ERR Serve tunnel error error="control stream encountered a failure while serving" connIndex=0 event=0 ip=198.41.192.107
2026-05-31T09:37:46Z INF Retrying connection in up to 1m4s connIndex=0 event=0 ip=198.41.192.107
2026-05-31T09:38:15Z INF Tunnel connection curve preferences: [X25519MLKEM768 CurveID(65074) CurveP256] connIndex=0 event=0 ip=198.41.192.107
2026-05-31T09:38:15Z ERR failed to run the datagram handler error="context canceled" connIndex=0 event=0 ip=198.41.192.107
2026-05-31T09:38:15Z ERR failed to serve tunnel connection error="control stream encountered a failure while serving" connIndex=0 event=0 ip=198.41.192.107
2026-05-31T09:38:15Z ERR Serve tunnel error error="control stream encountered a failure while serving" connIndex=0 event=0 ip=198.41.192.107
2026-05-31T09:38:15Z INF Retrying connection in up to 1m4s connIndex=0 event=0 ip=198.41.192.107
2026-05-31T09:38:27Z INF Tunnel connection curve preferences: [X25519MLKEM768 CurveID(65074) CurveP256] connIndex=0 event=0 ip=198.41.192.107
2026-05-31T09:38:27Z ERR failed to run the datagram handler error="context canceled" connIndex=0 event=0 ip=198.41.192.107
2026-05-31T09:38:27Z ERR failed to serve tunnel connection error="control stream encountered a failure while serving" connIndex=0 event=0 ip=198.41.192.107
2026-05-31T09:38:27Z ERR Serve tunnel error error="control stream encountered a failure while serving" connIndex=0 event=0 ip=198.41.192.107
2026-05-31T09:38:27Z INF Retrying connection in up to 1m4s connIndex=0 event=0 ip=198.41.192.107
2026-05-31T09:38:50Z INF Tunnel connection curve preferences: [X25519MLKEM768 CurveID(65074) CurveP256] connIndex=0 event=0 ip=198.41.192.107
2026-05-31T09:38:50Z ERR failed to run the datagram handler error="context canceled" connIndex=0 event=0 ip=198.41.192.107
2026-05-31T09:38:50Z ERR failed to serve tunnel connection error="control stream encountered a failure while serving" connIndex=0 event=0 ip=198.41.192.107
2026-05-31T09:38:50Z ERR Serve tunnel error error="control stream encountered a failure while serving" connIndex=0 event=0 ip=198.41.192.107
2026-05-31T09:38:50Z INF Retrying connection in up to 1m4s connIndex=0 event=0 ip=198.41.192.107
2026-05-31T09:38:55Z INF Tunnel connection curve preferences: [X25519MLKEM768 CurveID(65074) CurveP256] connIndex=0 event=0 ip=198.41.192.107
2026-05-31T09:38:55Z ERR failed to run the datagram handler error="context canceled" connIndex=0 event=0 ip=198.41.192.107
2026-05-31T09:38:55Z ERR failed to serve tunnel connection error="control stream encountered a failure while serving" connIndex=0 event=0 ip=198.41.192.107
2026-05-31T09:38:55Z ERR Serve tunnel error error="control stream encountered a failure while serving" connIndex=0 event=0 ip=198.41.192.107
2026-05-31T09:38:55Z INF Retrying connection in up to 1m4s connIndex=0 event=0 ip=198.41.192.107
2026-05-31T09:39:04Z INF Tunnel connection curve preferences: [X25519MLKEM768 CurveID(65074) CurveP256] connIndex=0 event=0 ip=198.41.192.107
2026-05-31T09:39:04Z ERR failed to run the datagram handler error="context canceled" connIndex=0 event=0 ip=198.41.192.107
2026-05-31T09:39:04Z ERR failed to serve tunnel connection error="control stream encountered a failure while serving" connIndex=0 event=0 ip=198.41.192.107
2026-05-31T09:39:04Z ERR Serve tunnel error error="control stream encountered a failure while serving" connIndex=0 event=0 ip=198.41.192.107
2026-05-31T09:39:04Z INF Retrying connection in up to 1m4s connIndex=0 event=0 ip=198.41.192.107
2026-05-31T09:39:16Z INF Tunnel connection curve preferences: [X25519MLKEM768 CurveID(65074) CurveP256] connIndex=0 event=0 ip=198.41.192.107
2026-05-31T09:39:16Z ERR failed to run the datagram handler error="context canceled" connIndex=0 event=0 ip=198.41.192.107
2026-05-31T09:39:16Z ERR failed to serve tunnel connection error="control stream encountered a failure while serving" connIndex=0 event=0 ip=198.41.192.107
2026-05-31T09:39:16Z ERR Serve tunnel error error="control stream encountered a failure while serving" connIndex=0 event=0 ip=198.41.192.107
2026-05-31T09:39:16Z INF Retrying connection in up to 1m4s connIndex=0 event=0 ip=198.41.192.107
2026-05-31T09:39:28Z INF Tunnel connection curve preferences: [X25519MLKEM768 CurveID(65074) CurveP256] connIndex=0 event=0 ip=198.41.192.107
2026-05-31T09:39:28Z ERR failed to run the datagram handler error="context canceled" connIndex=0 event=0 ip=198.41.192.107
2026-05-31T09:39:28Z ERR failed to serve tunnel connection error="control stream encountered a failure while serving" connIndex=0 event=0 ip=198.41.192.107
2026-05-31T09:39:28Z ERR Serve tunnel error error="control stream encountered a failure while serving" connIndex=0 event=0 ip=198.41.192.107
2026-05-31T09:39:28Z INF Retrying connection in up to 1m4s connIndex=0 event=0 ip=198.41.192.107
